ORGANIZATION,CITY,STATE,COUNTRY,AWARDS,FUNDING
"AAC ASSOCIATES, INC.",VIENNA,VA,UNITED STATES,9,1382303
AARON DIAMOND AIDS RESEARCH CENTER,NEW YORK,NY,UNITED STATES,5,1748224
"AASTROM BIOSCIENCES, INC.",ANN ARBOR,MI,UNITED STATES,3,324500
ABEL COMPANY,PEMBROKE,VA,UNITED STATES,1,50000
"ABELA LASER SYSTEMS, INC.",EAST LANSING,MI,UNITED STATES,1,230700
"ABIOMED, INC.",DANVERS,MA,UNITED STATES,10,3249252
ABRATECH CORPORATION,SAUSALITO,CA,UNITED STATES,2,515525
"ABT ASSOCIATES, INC.",CAMBRIDGE,MA,UNITED STATES,10,3048370
"ACADEMIC SOFTWARE, INC.",LEXINGTON,KY,UNITED STATES,2,306581
ACADEMY OF NATURAL SCIENCES,PHILADELPHIA,PA,UNITED STATES,1,153657
"ACCSYS TECHNOLOGY, INC.",PLEASANTON,CA,UNITED STATES,1,50000
"ADAPTIVE MEDICAL SYSTEMS, INC.",BOSTON,MA,UNITED STATES,1,50000
ADDICTION RESEARCH AND TREATMENT CORP,NEW YORK,NY,UNITED STATES,9,3680950
ADDICTION RESEARCH INSTITUTE,SOUTH BURLINGTON,VT,UNITED STATES,3,2791610
ADELPHI UNIVERSITY,GARDEN CITY,NY,UNITED STATES,2,151441
ADHERENCE TECHNOLOGIES CORPORATION,BURKE,VA,UNITED STATES,1,50000
ADIRONDACK BIOMEDICAL RESEARCH INSTITUTE,LAKE PLACID,NY,UNITED STATES,12,2771342
"ADRIA SP, INC.",ALBUQUERQUE,NM,UNITED STATES,1,90000
"ADVANCED BIOSCIENCE LABORATORIES, INC.",KENSINGTON,MD,UNITED STATES,10,16710983
"ADVANCED DETECTORS, INC.",CAMARILLO,CA,UNITED STATES,2,675125
ADVANCED IMMUNOTHERAPEUTICS,TUSTIN,CA,UNITED STATES,1,234617
"ADVANCED MECHANICAL TECHNOLOGY, INC.",WATERTOWN,MA,UNITED STATES,1,227619
"ADVANCED RESOURCE TECHNOLOGIES, INC.",ALEXANDRIA,VA,UNITED STATES,2,1051456
"ADVANCED SCIENTIFIC CONCEPTS, INC.",SANTA BARBARA,CA,UNITED STATES,1,487114
AEROJET SOLID PROPULSION COMPANY,SACRAMENTO,CA,UNITED STATES,2,144000
"AERON BIOTECHNOLOGY, INC.",SAN LEANDRO,CA,UNITED STATES,1,233335
AFFILIATED SYSTEMS CORPORATION,HOUSTON,TX,UNITED STATES,1,682993
AFFYMAX RESEARCH INSTITUTE,PALO ALTO,CA,UNITED STATES,2,187852
AGI DERMATICS,FREEPORT,NY,UNITED STATES,1,250000
AGOURON INSTITUTE,SAN DIEGO,CA,UNITED STATES,4,1004534
"AGOURON PHARMACEUTICALS, INC.",SAN DIEGO,CA,UNITED STATES,2,1046485
"AIDS IMPACT, INC.",SEATTLE,WA,UNITED STATES,2,261894
"AIDS RESEARCH CONSORTIUM OF ATLANTA, INC",ATLANTA,GA,UNITED STATES,5,225000
ALABAMA AGRI AND MECH UNIVERSITY,NORMAL,AL,UNITED STATES,2,314046
ALABAMA STATE DEPT OF PUBLIC HEALTH,MONTGOMERY,AL,UNITED STATES,1,188202
ALABAMA STATE UNIVERSITY,MONTGOMERY,AL,UNITED STATES,3,479072
"ALACRON, INC.",CHAPPAQUA,NY,UNITED STATES,2,503103
ALAN GUTTMACHER INSTITUTE,NEW YORK,NY,UNITED STATES,1,100000
"ALAN PENN AND ASSOCIATES, INC.",ROCKVILLE,MD,UNITED STATES,1,50000
ALASKA STATE DEPARTMENT OF HLTH-SOC SVCS,JUNEAU,AK,UNITED STATES,1,132868
ALBANY COLLEGE OF PHARMACY,ALBANY,NY,UNITED STATES,1,93638
ALBANY MEDICAL COLLEGE,ALBANY,NY,UNITED STATES,56,8076590
ALBERT EINSTEIN COL OF MED YESHIVA UNIV,NEW YORK,NY,UNITED STATES,233,71044352
ALBERT EINSTEIN MED CTR (PHILADELPHIA),PHILADELPHIA,PA,UNITED STATES,2,255865
ALCOHOL SELF-CONTROL PROGRAM,ALBUQUERQUE,NM,UNITED STATES,1,151891
ALCORN STATE UNIVERSITY,LORMAN,MS,UNITED STATES,2,211787
ALDRICH CHEMICAL COMPANY,MILWAUKEE,WI,UNITED STATES,1,100000
ALFRED E. MANN FOUNDATION/SCIENTIFIC RES,LOS ANGELES,CA,UNITED STATES,2,246538
ALICE HAMILTON OCCUPATIONAL HLTH CENTER,WASHINGTON,DC,UNITED STATES,1,831404
"ALKERMES, INC.",CAMBRIDGE,MA,UNITED STATES,1,234604
ALLEGHENY COLLEGE,MEADVILLE,PA,UNITED STATES,1,90290
ALLEGHENY GENERAL HOSP (PITTSBURGH),PITTSBURGH,PA,UNITED STATES,2,389831
ALLEGHENY UNIVERSITY OF HEALTH SCIENCES,PHILADELPHIA,PA,UNITED STATES,73,15896544
ALLEGHENY-SINGER RESEARCH INSTITUTE,PITTSBURGH,PA,UNITED STATES,13,1956233
"ALLIED TECHNOLOGY GROUP, INC.",ROCKVILLE,MD,UNITED STATES,4,349346
"ALPHATRONIX, INC.",RESEARCH TRIANGLE PARK,NC,UNITED STATES,1,0
"AMBION, INC.",AUSTIN,TX,UNITED STATES,2,161422
"AMBULATORY MONITORING, INC.",ARDSLEY,NY,UNITED STATES,1,192953
AMC CANCER RESEARCH CENTER,DENVER,CO,UNITED STATES,11,4765555
AMERICAN ACADEMY OF FAMILY PHYSICIANS,LEAWOOD,KS,UNITED STATES,1,155265
AMERICAN ACADEMY-CHILD/ADOLESCENT PSYCH,WASHINGTON,DC,UNITED STATES,2,457872
AMERICAN ASSOCIATION FOR CANCER RESEARCH,PHILADELPHIA,PA,UNITED STATES,6,331976
AMERICAN ASSOCIATION FOR THE ADV OF SCI,WASHINGTON,DC,UNITED STATES,2,265642
AMERICAN COLLEGE OF OB AND GYN,WASHINGTON,DC,UNITED STATES,1,4652640
AMERICAN COLLEGE OF RADIOLOGY,RESTON,VA,UNITED STATES,7,6565561
AMERICAN COLLEGE OF SURGEONS,CHICAGO,IL,UNITED STATES,1,73546
AMERICAN INDIAN HEALTH CARE ASSOCIATION,DENVER,CO,UNITED STATES,1,299644
AMERICAN INDIAN SCIENCE & ENGR SOCIETY,BOULDER,CO,UNITED STATES,3,138767
AMERICAN INSTITUTES FOR RESEARCH,PALO ALTO,CA,UNITED STATES,3,951695
AMERICAN INSTITUTES FOR RESEARCH,WASHINGTON,DC,UNITED STATES,1,220739
AMERICAN NATIONAL RED CROSS,WASHINGTON,DC,UNITED STATES,38,8033004
AMERICAN NATIONAL RED CROSS LOS ANGELES,LOS ANGELES,CA,UNITED STATES,1,457331
AMERICAN NATIONAL RED CROSS SE MICHIGAN,DETROIT,MI,UNITED STATES,1,262398
AMERICAN NURSES' ASSOCIATION,KANSAS CITY,MO,UNITED STATES,2,363598
AMERICAN PHYSIOLOGICAL SOCIETY,BETHESDA,MD,UNITED STATES,3,65878
AMERICAN PSYCHIATRIC ASSOCIATION,WASHINGTON,DC,UNITED STATES,2,685705
AMERICAN PSYCHOLOGICAL ASSOCIATION,WASHINGTON,DC,UNITED STATES,3,779288
"AMERICAN REGISTRY OF PATHOLOGY, INC.",WASHINGTON,DC,UNITED STATES,3,381838
AMERICAN RESEARCH CORP OF VIRGINIA,RADFORD,VA,UNITED STATES,3,150000
AMERICAN SOCIETY FOR MICROBIOLOGY,WASHINGTON,DC,UNITED STATES,1,136000
AMERICAN SOCIETY FOR NUTRITIONAL SCIS,BETHESDA,MD,UNITED STATES,1,17500
AMERICAN SOCIETY OF HLTH-SYSTEM PHARMS,BETHESDA,MD,UNITED STATES,1,1
AMERICAN SOCIOLOGICAL ASSOCIATION,WASHINGTON,DC,UNITED STATES,1,377285
AMERICAN TYPE CULTURE COLLECTION,MANASSAS,VA,UNITED STATES,13,2147828
AMERICAN UNIVERSITY,WASHINGTON,DC,UNITED STATES,5,249938
AMHERST COLLEGE,AMHERST,MA,UNITED STATES,4,244896
"AMITY, INC.",TUCSON,AZ,UNITED STATES,3,1633833
"AMPLISTAR, INC.",WINSTON-SALEM,NC,UNITED STATES,1,50000
AMRON CORPORATION,MC LEAN,VA,UNITED STATES,1,50000
"ANALYSIS AND SIMULATION, INC.",BUFFALO,NY,UNITED STATES,3,49502
"ANALYTICA OF BRANFORD, INC.",BRANFORD,CT,UNITED STATES,2,212167
"ANALYTICAL SCIENCES, INC.",DURHAM,NC,UNITED STATES,1,414319
"ANATOLE J. SIPIN COMPANY, INC.",NEW YORK,NY,UNITED STATES,1,306065
"ANTICANCER, INC.",SAN DIEGO,CA,UNITED STATES,3,150000
"ANVER BIOSCIENCE DESIGN, INC.",SIERRA MADRE,CA,UNITED STATES,1,50000
"APEX MEDICAL TECHNOLOGIES, INC.",SAN DIEGO,CA,UNITED STATES,1,310101
APHIOS CORPORATION,WOBURN,MA,UNITED STATES,2,260982
"APOLLO LIGHT SYSTEMS, INC.",OREM,UT,UNITED STATES,1,49825
"APPLIED BIOMATHEMATICS, INC.",SETAUKET,NY,UNITED STATES,2,152219
"APPLIED BIOPHYSICS, INC.",TROY,NY,UNITED STATES,1,240525
"APPLIED BIOTECH CONCEPTS, INC.",NEW HAVEN,CT,UNITED STATES,1,49999
"APPLIED GENETICS LABORATORIES, INC.",MELBOURNE,FL,UNITED STATES,5,603627
APPLIED SCIENCES RESEARCH,DANA POINT,CA,UNITED STATES,1,100188
"APPLIED SYSTEM TECHNOLOGIES, INC.",ROCKVILLE,MD,UNITED STATES,3,111348
"APPLIED SYSTEMS INSTITUTE, INC.",WASHINGTON,DC,UNITED STATES,1,345238
APREND TECHNOLOGY,MOUNTAIN VIEW,CA,UNITED STATES,1,276108
"APT FOUNDATION, INC.",NEW HAVEN,CT,UNITED STATES,5,2723669
"ARC PROFESSIONAL SERVICES GROUP, INC.",ROCKVILLE,MD,UNITED STATES,4,430803
"ARGUS COMMUNITY, INC.",NEW YORK,NY,UNITED STATES,1,807896
"ARIAD PHARMACEUTICALS, INC.",CAMBRIDGE,MA,UNITED STATES,3,440283
ARIZONA STATE UNIVERSITY,TEMPE,AZ,UNITED STATES,32,6230467
ARKANSAS CHILDREN'S HOSP (LITTLE ROCK),LITTLE ROCK,AR,UNITED STATES,6,812607
ARKANSAS STATE DEPT OF HEALTH,LITTLE ROCK,AR,UNITED STATES,1,188701
"ARTHUR D. LITTLE, INC.",CAMBRIDGE,MA,UNITED STATES,7,1004013
ASCENT TECHNOLOGY,BOULDER,CO,UNITED STATES,2,100000
"ASH STEVENS, INC.",DETROIT,MI,UNITED STATES,3,1263076
"ASSAY RESEARCH, INC.",COLLEGE PARK,MD,UNITED STATES,2,500000
ASSN/MINORITY HEALTH PROFESSIONS SCHOOLS,ATLANTA,GA,UNITED STATES,2,1052549
ASSOCIATED UNIV-BROOKHAVEN NATL LAB,UPTON,NY,UNITED STATES,12,4147461
ASSOCIATION FOR RES IN VISION & OPHTHAL,BETHESDA,MD,UNITED STATES,1,41600
ASSOCIATION OF AMERICAN MEDICAL COLLEGES,WASHINGTON,DC,UNITED STATES,2,476883
ASSUMPTION COLLEGE,WORCESTER,MA,UNITED STATES,1,96650
"ATHENA GROUP, INC.",GAINESVILLE,FL,UNITED STATES,1,49997
ATLANTIC RESOURCES CORPORATION,RESTON,VA,UNITED STATES,1,0
ATLAS DATA SYSTEMS,MARLBOROUGH,MA,UNITED STATES,1,50000
"ATLIS SYSTEMS, INC.",ROCKVILLE,MD,UNITED STATES,8,2072234
"ATOM SCIENCES, INC.",OAK RIDGE,TN,UNITED STATES,1,297498
AUBURN UNIVERSITY AT AUBURN,AUBURN,AL,UNITED STATES,13,1430377
"AUDIOFILE, INC.",LEXINGTON,MA,UNITED STATES,1,214625
AUDIOLOGICAL ENGINEERING CORPORATION,SOMERVILLE,MA,UNITED STATES,3,366333
"AUTOMATED CONTROL SYSTEMS, INC.",OREM,UT,UNITED STATES,1,217528
AVANIR PHARMACEUTICALS,SAN DIEGO,CA,UNITED STATES,1,231374
"AVATAR DESIGN AND DEVELOPMENT, INC.",SEATTLE,WA,UNITED STATES,1,50000
"AVOX SYSTEMS, INC.",SAN ANTONIO,TX,UNITED STATES,1,302588
"AXON MEDICAL, INC.",SALT LAKE CITY,UT,UNITED STATES,2,499360
AZTEC SYSTEMS,WATERTOWN,MA,UNITED STATES,2,100000
B. L. SEAMON AND ASSOCIATES,LANHAM,MD,UNITED STATES,1,105000
BAPTIST MEDICAL CENTER,KANSAS CITY,MO,UNITED STATES,1,186673
BARNARD COLLEGE,NEW YORK,NY,UNITED STATES,5,713523
BARRY UNIVERSITY,MIAMI,FL,UNITED STATES,4,709503
"BASIC HEALTH MANAGEMENT, INC.",SILVER SPRING,MD,UNITED STATES,3,443371
BATTELLE CENTERS/PUB HLTH RES & EVALUATN,SEATTLE,WA,UNITED STATES,7,1012273
BATTELLE PACIFIC NORTHWEST LABORATORIES,RICHLAND,WA,UNITED STATES,25,8095859
BAY AREA TUMOR INSTITUTE,OAKLAND,CA,UNITED STATES,1,155500
BAYLOR COLLEGE OF DENTISTRY,DALLAS,TX,UNITED STATES,8,662567
BAYLOR COLLEGE OF MEDICINE,HOUSTON,TX,UNITED STATES,392,85761890
BAYLOR RESEARCH INSTITUTE,DALLAS,TX,UNITED STATES,6,952047
BAYOU BIOLABS,HARAHAN,LA,UNITED STATES,1,50000
"BECTON, DICKINSON IMMUNOCYROMETRY SYSTEM",SAN JOSE,CA,UNITED STATES,1,290241
BELL LABORATORIES,MURRAY HILL,NJ,UNITED STATES,2,147608
BELMONT CENTER/COMPREHENSIVE TREATMENT,PHILADELPHIA,PA,UNITED STATES,1,163460
"BELMONT RESEARCH, INC.",CAMBRIDGE,MA,UNITED STATES,10,1252338
BELOIT COLLEGE,BELOIT,WI,UNITED STATES,1,98747
"BEN VENUE LABORATORIES, INC.",BEDFORD,OH,UNITED STATES,1,1412400
"BEND RESEARCH, INC.",BEND,OR,UNITED STATES,5,1345769
BENDIX FIELD ENGINEERING CORPORATION,COLUMBIA,MD,UNITED STATES,3,136795
BENEDICT COLLEGE,COLUMBIA,SC,UNITED STATES,3,676390
"BENEFICIAL DESIGNS, INC.",SANTA CRUZ,CA,UNITED STATES,3,149718
BENJAMIN ROSE INSTITUTE,CLEVELAND,OH,UNITED STATES,1,88371
BENNETT COLLEGE,GREENSBORO,NC,UNITED STATES,2,496578
BERKELEY ANTIBODY COMPANY,RICHMOND,CA,UNITED STATES,4,718688
"BERKSHIRE MEDICAL CENTER (PITTSFIELD,MA)",PITTSFIELD,MA,UNITED STATES,5,500000
BETH ISRAEL DEACONESS MEDICAL CENTER,BOSTON,MA,UNITED STATES,121,25631902
BETH ISRAEL MEDICAL CTR (NEW YORK),NEW YORK,NY,UNITED STATES,9,2955428
BETHUNE-COOKMAN COLLEGE,DAYTONA BEACH,FL,UNITED STATES,2,395565
BETTER HOMES FUND,NEWTON,MA,UNITED STATES,1,466853
BILL WILKERSON HEARING AND SPEECH CENTER,NASHVILLE,TN,UNITED STATES,1,92943
BIOCHEMANALYSIS CORPORATION,CHICAGO,IL,UNITED STATES,2,293077
"BIOCON, INC.",ROCKVILLE,MD,UNITED STATES,4,576667
"BIODE, INC.",CAPE ELIZABETH,ME,UNITED STATES,1,50000
"BIOFOR, INC.",WAVERLY,PA,UNITED STATES,1,50000
BIOLOGICAL ABSTRACTS,PHILADELPHIA,PA,UNITED STATES,1,232000
BIOLOGICAL RESEARCH FACULTY & FACILITY,IJAMSVILLE,MD,UNITED STATES,3,499898
"BIOMARINE TECHNOLOGIES, INC.",TUKWILA,WA,UNITED STATES,3,363200
"BIOMATRIX, INC.",RIDGEFIELD,NJ,UNITED STATES,1,158639
BIOMECHANICS INSTITUTE,BOSTON,MA,UNITED STATES,4,445460
BIOMEDICAL DEVELOPMENT CORPORATION,SAN ANTONIO,TX,UNITED STATES,1,50000
"BIOMEDICAL RESEARCH, INC.",ROCKVILLE,MD,UNITED STATES,8,581615
BIOMEDWARE,ANN ARBOR,MI,UNITED STATES,1,10000
BIOMEMBRANE INSTITUTE,SEATTLE,WA,UNITED STATES,1,566644
"BIOMETRIC RESEARCH INSTITUTE, INC.",ARLINGTON,VA,UNITED STATES,1,199789
"BIO-MOLECULAR TECHNOLOGY, INC.",FREDERICK,MD,UNITED STATES,1,50000
BIONETICS CORPORATION,HAMPTON,VA,UNITED STATES,2,152942
BIOPHOTONICS CORPORATION,DEXTER,MI,UNITED STATES,1,190784
BIOPHYSICAL SOCIETY,BETHESDA,MD,UNITED STATES,1,6000
"BIOQUAL, INC.",ROCKVILLE,MD,UNITED STATES,21,6591715
"BIOSEARCH TECHNOLOGIES, INC.",SAN RAFAEL,CA,UNITED STATES,2,100000
"BIOSPHERICS, INC.",BELTSVILLE,MD,UNITED STATES,6,2001988
BIOTECH RESEARCH LABORATORIES,ROCKVILLE,MD,UNITED STATES,17,1497076
"BIOTECHNICAL COMMUNICATIONS, INC.",ATLANTA,GA,UNITED STATES,1,50000
"BIO-TECHNICAL RESOURCES, L.P.",MANITOWOC,WI,UNITED STATES,1,49999
"BIOTECHNICAL SERVICES, INC.",NORTH LITTLE ROCK,AR,UNITED STATES,7,814855
BIO-TECHNOLOGY GENERAL CORPORATION,NEW YORK,NY,UNITED STATES,1,493638
BIOTECHNOLOGY RESEARCH INSTITUTE,ROCKVILLE,MD,UNITED STATES,4,1229678
"BIO-TEK INSTRUMENTS, INC.",WINOOSKI,VT,UNITED STATES,5,275062
"BIOTEK, INC.",WOBURN,MA,UNITED STATES,8,1059628
"BIOTHERM, INC.",RALEIGH,NC,UNITED STATES,2,477858
BIOTRONICS CORPORATION,LOWELL,MA,UNITED STATES,1,38300
"BLACK FOREST ENGINEERING, INC.",COLORADO SPRINGS,CO,UNITED STATES,1,50000
BLOOD CENTER OF SOUTHEASTERN WISCONSIN,MILWAUKEE,WI,UNITED STATES,13,4449945
BONNIE WALKER AND ASSOCIATES,CROFTON,MD,UNITED STATES,1,210929
"BORON BIOLOGICALS, INC.",RALEIGH,NC,UNITED STATES,4,399147
BOSTON BIOMEDICAL RESEARCH INSTITUTE,WATERTOWN,MA,UNITED STATES,21,5873590
BOSTON COLLEGE,NEWTON,MA,UNITED STATES,25,2582243
BOSTON HEALTH AND HOSPITALS DEPARTMENT,BOSTON,MA,UNITED STATES,3,424215
BOSTON UNIVERSITY,BOSTON,MA,UNITED STATES,225,56216820
BOWLING GREEN STATE UNIV BOWLING GREEN,BOWLING GREEN,OH,UNITED STATES,6,548524
BOYCE THOMPSON INST FOR PLANT RESEARCH,ITHACA,NY,UNITED STATES,3,352418
BRANDEIS UNIVERSITY,WALTHAM,MA,UNITED STATES,78,13102346
"BRATON BIOTECH, INC.",ROCKVILLE,MD,UNITED STATES,3,85273
BRENTWOOD BIOMEDICAL RESEARCH INSTITUTE,LOS ANGELES,CA,UNITED STATES,2,106356
BRIGHAM AND WOMEN'S HOSPITAL,BOSTON,MA,UNITED STATES,336,91869856
BRIGHAM YOUNG UNIVERSITY,PROVO,UT,UNITED STATES,11,1251011
BRONX COMMUNITY COLLEGE,NEW YORK,NY,UNITED STATES,3,651341
"BRONX-LEBANON HOSP CTR (BRONX, NY)",NEW YORK,NY,UNITED STATES,7,2857916
BROOKFIELD OPTICAL SYSTEMS,WEST BROOKFIELD,MA,UNITED STATES,1,44997
BROOKLYN COLLEGE,NEW YORK,NY,UNITED STATES,5,763706
BROWN UNIVERSITY,PROVIDENCE,RI,UNITED STATES,84,13951290
BRYN MAWR COLLEGE,BRYN MAWR,PA,UNITED STATES,3,235902
BSD MEDICAL CORPORATION,WEST VALLEY CITY,UT,UNITED STATES,1,50000
BUCKNELL UNIVERSITY,LEWISBURG,PA,UNITED STATES,1,68176
BUFFALO STATE COLLEGE,BUFFALO,NY,UNITED STATES,2,326311
BURNHAM INSTITUTE,SAN DIEGO,CA,UNITED STATES,43,12074015
"BUTLER HOSPITAL (PROVIDENCE, RI)",PROVIDENCE,RI,UNITED STATES,3,1063470
BUTTERWORTH HOSPITAL,GRAND RAPIDS,MI,UNITED STATES,1,316478
C.P.LI BIOMEDICAL RESEARCH CORPORATION,ARLINGTON,VA,UNITED STATES,3,150000
CAELUM RESEARCH CORPORATION,SILVER SPRING,MD,UNITED STATES,8,283969
"CALBIOMARINE TECHNOLOGIES, INC.",CARLSBAD,CA,UNITED STATES,4,299229
CALIFORNIA INSTITUTE FOR MEDICAL RES,SAN JOSE,CA,UNITED STATES,1,162169
CALIFORNIA INSTITUTE OF BIOLOGICAL RES,SAN DIEGO,CA,UNITED STATES,8,1440026
CALIFORNIA INSTITUTE OF TECHNOLOGY,PASADENA,CA,UNITED STATES,101,20275325
CALIFORNIA PACIFIC MED CTR RES INSTITUTE,SAN FRANCISCO,CA,UNITED STATES,12,5340091
CALIFORNIA STATE UNIV SAN BERNARDINO,SAN BERNARDINO,CA,UNITED STATES,1,98590
CALIFORNIA STATE UNIV-DOMINGUEZ HILLS,CARSON,CA,UNITED STATES,2,306651
CALIFORNIA STATE UNIVERSITY FRESNO,FRESNO,CA,UNITED STATES,1,92640
CALIFORNIA STATE UNIVERSITY FULLERTON,FULLERTON,CA,UNITED STATES,5,771851
CALIFORNIA STATE UNIVERSITY HAYWARD,HAYWARD,CA,UNITED STATES,2,691506
CALIFORNIA STATE UNIVERSITY LONG BEACH,LONG BEACH,CA,UNITED STATES,10,2136864
CALIFORNIA STATE UNIVERSITY LOS ANGELES,LOS ANGELES,CA,UNITED STATES,6,1928805
CALIFORNIA STATE UNIVERSITY NORTHRIDGE,LOS ANGELES,CA,UNITED STATES,4,839075
CAMBRIDGE NEUROSCIENCE,CAMBRIDGE,MA,UNITED STATES,2,475888
"CAMBRIDGE SCIENTIFIC, INC.",CAMBRIDGE,MA,UNITED STATES,3,427915
CANCER PREVENTION INSTIT OF CALIFORNIA,UNION CITY,CA,UNITED STATES,24,4898027
CANCER PREVENTION RESEARCH INSTITUTE,NEW YORK,NY,UNITED STATES,3,146470
CANCER RESEARCH CENTER,COLUMBIA,MO,UNITED STATES,1,58813
CANCER RESEARCH FUND OF CONTRA COSTA,WALNUT CREEK,CA,UNITED STATES,5,986967
CANDELA CORPORATION,WAYLAND,MA,UNITED STATES,4,583084
"CANJI, INC.",SAN DIEGO,CA,UNITED STATES,1,174768
CAPITAL CONSULTING CORPORATION,FAIRFAX,VA,UNITED STATES,4,197973
CAPITAL TECHNOLOGY INFORMATION SERVICES,ROCKVILLE,MD,UNITED STATES,7,1848814
CAPITOL CONSULTING CORPORATION,MANASSAS,VA,UNITED STATES,1,500909
CARITAS ST. ELIZABETH'S MEDICAL CENTER,BOSTON,MA,UNITED STATES,14,3043071
CARNEGIE-MELLON UNIVERSITY,PITTSBURGH,PA,UNITED STATES,55,9811553
CAROLINAS MEDICAL CENTER,CHARLOTTE,NC,UNITED STATES,1,536051
"CARRIER FOUNDATION (BELLE MEAD, NJ)",BELLE MEAD,NJ,UNITED STATES,2,663170
"CASCADE ONCOGENICS, INC.",PORTLAND,OR,UNITED STATES,1,49434
CASE WESTERN RESERVE UNIVERSITY,CLEVELAND,OH,UNITED STATES,276,58073728
CATHOLIC UNIVERSITY OF AMERICA,WASHINGTON,DC,UNITED STATES,7,472460
"CBR LABORATORIES, INC.",BOSTON,MA,UNITED STATES,3,150000
"CCS ASSOCIATES, INC.",MOUNTAIN VIEW,CA,UNITED STATES,3,1254722
"CDM GROUP, INC.",CHEVY CHASE,MD,UNITED STATES,5,856503
CEDAR RAPIDS ONCOLOGY PROJECT,CEDAR RAPIDS,IA,UNITED STATES,1,204065
CEDARS-SINAI MEDICAL CENTER,LOS ANGELES,CA,UNITED STATES,43,8464276
"CENTER FOR ADDICTIVE BEHAVIORS, INC.",SALEM,MA,UNITED STATES,1,186743
CENTER FOR HEALTH ECONOMICS RESEARCH,WALTHAM,MA,UNITED STATES,3,392439
CENTER FOR HEALTH POLICY STUDIES,COLUMBIA,MD,UNITED STATES,1,49708
CENTER FOR HEALTH RESEARCH,PORTLAND,OR,UNITED STATES,2,334782
CENTER FOR HEALTH STUDIES,SEATTLE,WA,UNITED STATES,4,1344808
CENTER FOR SPECIALTY EYE CARE,ATLANTA,GA,UNITED STATES,1,52038
"CENTOCOR, INC.",MALVERN,PA,UNITED STATES,1,12375
CENTRAL INSTITUTE FOR THE DEAF,ST. LOUIS,MO,UNITED STATES,1,108087
CENTRAL MICHIGAN UNIVERSITY,MOUNT PLEASANT,MI,UNITED STATES,1,149893
CENTRAL NEW YORK RESEARCH CORPORATION,SYRACUSE,NY,UNITED STATES,4,614453
"CENTRAL PLAINS CLINIC, LTD.",SIOUX FALLS,SD,UNITED STATES,1,165640
CERUS CORPORATION,CONCORD,CA,UNITED STATES,1,50000
CETUS ONCOLOGY CORPORATION,EMERYVILLE,CA,UNITED STATES,1,1661083
CHAMINADE UNIVERSITY OF HONOLULU,HONOLULU,HI,UNITED STATES,1,296371
CHAOTIC DYNAMICAL SYSTEMS,GUILFORD,CT,UNITED STATES,1,235748
CHARLES EVANS AND ASSOCIATES,REDWOOD CITY,CA,UNITED STATES,1,49904
CHARLES R. DREW UNIVERSITY OF MED & SCI,LOS ANGELES,CA,UNITED STATES,16,6210266
CHECKMATE ENGINEERING,LEWISVILLE,TX,UNITED STATES,2,549192
CHEMGEN CORPORATION,GAITHERSBURG,MD,UNITED STATES,3,149983
CHEMSYN SCIENCE LABORATORIES,LENEXA,KS,UNITED STATES,2,884644
CHICAGO STATE UNIVERSITY,CHICAGO,IL,UNITED STATES,2,962788
"CHILD TRENDS, INC.",WASHINGTON,DC,UNITED STATES,2,380732
CHILDREN'S HOSPITAL (BOSTON),BOSTON,MA,UNITED STATES,145,35482916
CHILDREN'S HOSPITAL (DENVER),DENVER,CO,UNITED STATES,5,600770
CHILDREN'S HOSPITAL (NEW ORLEANS),NEW ORLEANS,LA,UNITED STATES,2,172161
CHILDREN'S HOSPITAL AND HEALTH CENTER,SAN DIEGO,CA,UNITED STATES,4,670665
CHILDREN'S HOSPITAL AND REG MEDICAL CTR,SEATTLE,WA,UNITED STATES,14,4612371
CHILDREN'S HOSPITAL MED CTR (CINCINNATI),CINCINNATI,OH,UNITED STATES,48,8516078
CHILDREN'S HOSPITAL OF MICH (DETROIT),DETROIT,MI,UNITED STATES,5,611262
CHILDREN'S HOSPITAL OF ORANGE COUNTY,ORANGE,CA,UNITED STATES,2,273323
CHILDRENS HOSPITAL OF PHILADELPHIA,PHILADELPHIA,PA,UNITED STATES,71,19569761
CHILDREN'S MEMORIAL HOSPITAL (CHICAGO),CHICAGO,IL,UNITED STATES,8,3356135
"CHILDREN'S MERCY HOSP (KANSAS CITY, MO)",KANSAS CITY,MO,UNITED STATES,2,114312
CHILDREN'S NATIONAL MEDICAL CENTER,WASHINGTON,DC,UNITED STATES,25,3828266
CHIRON CORPORATION,EMERYVILLE,CA,UNITED STATES,1,157342
"CHRISTIANA CARE HEALTH SERVICES, INC.",WILMINGTON,DE,UNITED STATES,8,828091
"CIRCLE, INC.",MC LEAN,VA,UNITED STATES,1,0
CITY COLLEGE OF NEW YORK,NEW YORK,NY,UNITED STATES,20,4929932
CITY OF HOPE NATIONAL MEDICAL CENTER,DUARTE,CA,UNITED STATES,21,5230341
"CIVILIZED SOFTWARE, INC.",BETHESDA,MD,UNITED STATES,8,1211343
CLARK ATLANTA UNIVERSITY,ATLANTA,GA,UNITED STATES,10,3487174
"CLARK UNIVERSITY (WORCESTER, MA)",WORCESTER,MA,UNITED STATES,2,208168
CLARKSON UNIVERSITY,POTSDAM,NY,UNITED STATES,3,301321
CLEMSON UNIVERSITY,CLEMSON,SC,UNITED STATES,4,345285
"CLINICAL DIRECTORS NETWORK, INC.",NEW YORK,NY,UNITED STATES,7,690000
CLINICAL TRIALS AND SURVEYS CORPORATION,BALTIMORE,MD,UNITED STATES,4,214660
CLONETICS CORPORATION,SAN DIEGO,CA,UNITED STATES,1,79340
COLD SPRING HARBOR LABORATORY,COLD SPRING HARBOR,NY,UNITED STATES,59,17856509
COLGATE UNIVERSITY,HAMILTON,NY,UNITED STATES,2,182519
"COLLABORATIVE RESEARCH, INC.",WALTHAM,MA,UNITED STATES,14,3961808
COLLEGE AT OLD WESTBURY,OLD WESTBURY,NY,UNITED STATES,2,607763
COLLEGE OF NEW JERSEY,EWING,NJ,UNITED STATES,1,8000
COLLEGE OF ST SCHOLASTICA,DULUTH,MN,UNITED STATES,1,95985
COLLEGE OF THE HOLY CROSS,WORCESTER,MA,UNITED STATES,3,307151
COLLEGE OF WILLIAM AND MARY,WILLIAMSBURG,VA,UNITED STATES,1,154734
COLORADO NEUROLOGICAL INSTITUTE,ENGLEWOOD,CO,UNITED STATES,2,310092
COLORADO STATE DEPT OF INSTITUTIONS,DENVER,CO,UNITED STATES,1,355341
COLORADO STATE DEPT/PUB HLTH & ENVIRONMT,DENVER,CO,UNITED STATES,3,1025524
"COLUMBIA CASCADE, INC.",RESTON,VA,UNITED STATES,1,49775
COLUMBIA PRESBYTERIAN MEDICAL CENTER,NEW YORK,NY,UNITED STATES,7,1728730
COLUMBIA UNIV NEW YORK MORNINGSIDE,NEW YORK,NY,UNITED STATES,484,132199214
COLUMBIA UNIVERSITY TEACHERS COLLEGE,NEW YORK,NY,UNITED STATES,5,1301611
COMMUNICATION DISORDERS TECHNOLOGY,BLOOMINGTON,IN,UNITED STATES,1,252286
"COMMUNITY MENTAL HEALTH COUNCIL, INC.",CHICAGO,IL,UNITED STATES,1,35199
"COMPACT DISC, INC.",SILVER SPRING,MD,UNITED STATES,2,390321
"COMPGRAPH, INC.",SILVER SPRING,MD,UNITED STATES,5,520998
COMPUS SERVICES CORPORATION,ROCKVILLE,MD,UNITED STATES,2,661343
"COMPUSERVE, INC.",ARLINGTON,VA,UNITED STATES,2,0
COMPUTERCRAFT CORPORATION,BETHESDA,MD,UNITED STATES,5,919410
COMPUTERCRAFT CORPORATION,ROCKVILLE,MD,UNITED STATES,3,577833
COMSIS CORPORATION,SILVER SPRING,MD,UNITED STATES,3,116742
"CONDUCTUS, INC.",SUNNYVALE,CA,UNITED STATES,2,49960
CONNECTICUT COLLEGE,NEW LONDON,CT,UNITED STATES,1,106124
CONNECTICUT STATE DEPT OF PUBLIC HEALTH,HARTFORD,CT,UNITED STATES,5,1283318
CONSULTANTS IN BEHAVIORAL RESEARCH,TEMPE,AZ,UNITED STATES,1,8112
"CONSULTEC SCIENTIFIC, INC.",KNOXVILLE,TN,UNITED STATES,2,204309
"CONTINUUM DYNAMICS, INC.",PRINCETON,NJ,UNITED STATES,1,49959
"CONWAL, INC.",FALLS CHURCH,VA,UNITED STATES,3,0
"COR THERAPEUTICS, INC.",SOUTH SAN FRANCISCO,CA,UNITED STATES,2,397412
CORAL REEF RESEARCH FOUNDATION,TALLAHASSEE,FL,UNITED STATES,1,548134
CORIELL INSTITUTE FOR MEDICAL RESEARCH,CAMDEN,NJ,UNITED STATES,3,2127890
CORNELL UNIVERSITY ITHACA,ITHACA,NY,UNITED STATES,171,32489457
"COROMED, INC.",TROY,NY,UNITED STATES,1,203931
"CORTEX PHARMACEUTICALS, INC.",IRVINE,CA,UNITED STATES,1,49768
"CORVAS INTERNATIONAL, INC.",SAN DIEGO,CA,UNITED STATES,1,237606
COSMOS CORPORATION,WASHINGTON,DC,UNITED STATES,3,650941
COSTABILE ASSOCIATES,BETHESDA,MD,UNITED STATES,14,224745
COULSTON FOUNDATION,ALAMOGORDO,NM,UNITED STATES,1,914248
COUNCIL ON SOCIAL WORK EDUCATION,ALEXANDRIA,VA,UNITED STATES,1,288351
"COVALENT ASSOCIATES, INC.",WOBURN,MA,UNITED STATES,4,199998
"CREARE, INC.",HANOVER,NH,UNITED STATES,1,49998
"CREATIVE BIOMOLECULES, INC.",HOPKINTON,MA,UNITED STATES,2,300000
CREIGHTON UNIVERSITY,OMAHA,NE,UNITED STATES,19,3761523
"CRITICAL CONCEPTS, INC.",CHICAGO,IL,UNITED STATES,1,50000
"CROSSPATHS MANAGEMENT SYSTEMS, INC.",CHEVY CHASE,MD,UNITED STATES,1,829101
"CRYOLIFE, INC.",KENNESAW,GA,UNITED STATES,2,239265
"CSR, INC.",WASHINGTON,DC,UNITED STATES,6,208997
"CTI, INC.",KNOXVILLE,TN,UNITED STATES,1,50000
CTRC RESEARCH FOUNDATION,SAN ANTONIO,TX,UNITED STATES,15,11422546
CUNY GRADUATE SCH AND UNIV CTR,NEW YORK,NY,UNITED STATES,7,1755078
CURAGEN CORPORATION,NEW HAVEN,CT,UNITED STATES,1,50000
"CUSHMAN, DARBY, AND CUSHMAN",WASHINGTON,DC,UNITED STATES,3,11511
"CUTANOGEN, INC.",SUDBURY,MA,UNITED STATES,1,50000
"CYBER TECHNOLOGY, INC.",GREENBELT,MD,UNITED STATES,1,49999
CYBERNET SYSTEMS CORPORATION,ANN ARBOR,MI,UNITED STATES,1,50000
CYGNUS CORPORATION,ROCKVILLE,MD,UNITED STATES,1,0
CYGNUS CORPORATION,WASHINGTON,DC,UNITED STATES,7,40608
"CYNOSURE, INC.",CHELMSFORD,MA,UNITED STATES,1,49961
CYTEL CORPORATION,SAN DIEGO,CA,UNITED STATES,1,149604
CYTEL SOFTWARE CORPORATION,CAMBRIDGE,MA,UNITED STATES,1,66434
DAAT RESEARCH,LYME,NH,UNITED STATES,1,49964
DAE CORPORATION,CHEVY CHASE,MD,UNITED STATES,5,1373523
DANA-FARBER CANCER INSTITUTE,BOSTON,MA,UNITED STATES,178,51938581
DARTMOUTH COLLEGE,HANOVER,NH,UNITED STATES,142,30335072
"DATA MANAGEMENT SERVICES, INC.",FREDERICK,MD,UNITED STATES,7,2169327
DAVIDSON COLLEGE,DAVIDSON,NC,UNITED STATES,2,167913
DE PAUL UNIVERSITY,CHICAGO,IL,UNITED STATES,3,601221
DEBORAH RESEARCH INSTITUTE,BROWNS MILLS,NJ,UNITED STATES,1,101269
DECISION DEMOGRAPHICS,ARLINGTON,VA,UNITED STATES,1,50000
"DEKK-TEC, INC.",NEW ORLEANS,LA,UNITED STATES,2,255536
DELAWARE STATE UNIVERSITY,DOVER,DE,UNITED STATES,3,597810
DENVER CENTER FOR THE PERFORMING ARTS,DENVER,CO,UNITED STATES,1,241713
DESIRE NARCOTIC REHABILITATION CENTER,NEW ORLEANS,LA,UNITED STATES,1,581818
"DEVELOPMENT ASSOCIATES, INC.",ARLINGTON,VA,UNITED STATES,1,0
DEVELOPMENTAL RESEARCH/PROGRAMS,SEATTLE,WA,UNITED STATES,1,296395
DEVELOPMENTAL TECHNOLOGIES,LITTLETON,CO,UNITED STATES,1,50000
DIAGNOSTIC DEVICES GROUP,KIRKLAND,WA,UNITED STATES,1,226680
"DIATIDE, INC.",LONDONDERRY,NH,UNITED STATES,1,50000
"DIGESTIVE CARE, INC.",BETHLEHEM,NJ,UNITED STATES,1,122335
DIGIRAD CORPORATION,SAN DIEGO,CA,UNITED STATES,1,48297
DINE' COLLEGE,SHIPROCK,NM,UNITED STATES,1,228734
"DINE SYSTEMS, INC.",AMHERST,NY,UNITED STATES,2,454204
DISTRIBUTED SOLUTIONS,HERNDON,VA,UNITED STATES,1,15000
DISTRICT OF COLUMBIA DEPT OF HUMAN SRVS,WASHINGTON,DC,UNITED STATES,2,303083
"DISTRICT OF COLUMBIA GEN HOSP (WASH, DC)",WASHINGTON,DC,UNITED STATES,3,291084
DIXON STATISTICAL ASSOCIATES,LOS ANGELES,CA,UNITED STATES,1,246870
"DNA PLANT TECHNOLOGIES, INC.",OAKLAND,CA,UNITED STATES,1,183671
"DNASTAR, INC.",MADISON,WI,UNITED STATES,1,251563
"DNX, INC.",ATHENS,OH,UNITED STATES,1,311917
DOHENY EYE INSTITUTE,LOS ANGELES,CA,UNITED STATES,10,1839435
DON AND SYBIL HARRINGTON CANCER CENTER,AMARILLO,TX,UNITED STATES,3,472780
DRAKE UNIVERSITY,DES MOINES,IA,UNITED STATES,1,87560
DREXEL UNIVERSITY,PHILADELPHIA,PA,UNITED STATES,8,761903
DU PONT MERCK PHARMACEUTICAL COMPANY,WILMINGTON,DE,UNITED STATES,1,299300
DUKE UNIVERSITY,DURHAM,NC,UNITED STATES,489,122218992
"DULUTH CLINIC, LTD.",DULUTH,MN,UNITED STATES,3,945175
DUQUESNE UNIVERSITY,PITTSBURGH,PA,UNITED STATES,4,323908
DWJ TELEVISION,RIDGEWOOD,NJ,UNITED STATES,1,10410
DYAD PHARMACEUTICAL CORPORATION,COLUMBIA,MD,UNITED STATES,2,100000
DYNAMAC CORPORATION,ROCKVILLE,MD,UNITED STATES,12,901480
"E. BENSON HOOD LABORATORIES, INC.",PEMBROKE,MA,UNITED STATES,1,256741
E. HELLER AND COMPANY,ALAMEDA,CA,UNITED STATES,1,49750
"EAGLE DESIGN AND MANAGEMENT, INC.",BETHESDA,MD,UNITED STATES,8,8295699
EAST BAY INSTITUTE FOR RESEARCH AND EDUC,MARTINEZ,CA,UNITED STATES,1,26307
EAST CAROLINA UNIVERSITY,GREENVILLE,NC,UNITED STATES,38,3319016
EAST LOS ANGELES COLLEGE,MONTEREY PARK,CA,UNITED STATES,2,372600
EAST TENNESSEE STATE UNIVERSITY,JOHNSON CITY,TN,UNITED STATES,10,812335
EASTERN KENTUCKY UNIVERSITY,RICHMOND,KY,UNITED STATES,1,81017
EASTERN WASHINGTON UNIVERSITY,CHENEY,WA,UNITED STATES,1,86691
EASTMAN DENTAL CENTER,ROCHESTER,NY,UNITED STATES,14,1680201
"ECHO BRIDGE PRODUCTIONS, INC.",NEWTON,MA,UNITED STATES,1,50000
"ECOCHEM RESEARCH, INC.",CHASKA,MN,UNITED STATES,1,49773
ECRI INSTITUTE,PLYMOUTH MEETING,PA,UNITED STATES,2,199805
"ECS TECHNOLOGIES, INC.",BALTIMORE,MD,UNITED STATES,1,370020
"EDITORIAL EXPERTS, INC. (EEI, INC.)",ALEXANDRIA,VA,UNITED STATES,1,0
"EDUCATION DEVELOPMENT CENTER, INC.",NEWTON,MA,UNITED STATES,3,1333050
"EDVOTEK, INC.",ROCKVILLE,MD,UNITED STATES,1,47575
EEG SYSTEMS LABORATORY,SAN FRANCISCO,CA,UNITED STATES,1,433961
"EIC LABORATORIES, INC.",NORWOOD,MA,UNITED STATES,8,1285476
ELEANOR ROOSEVELT INST FOR CANCER RES,DENVER,CO,UNITED STATES,15,3528297
"ELECTRICAL GEODESICS, INC.",EUGENE,OR,UNITED STATES,2,100000
"ELECTRO ENERGY, INC.",DANBURY,CT,UNITED STATES,1,49996
ELECTRONIC COMPONENT SALES,BALTIMORE,MD,UNITED STATES,2,36000
"ELECTRO-OPTICAL SCIENCES, INC.",IRVINGTON,NY,UNITED STATES,1,50000
ELIZABETH CITY STATE UNIVERSITY,ELIZABETH CITY,NC,UNITED STATES,1,132415
EMANUEL HOSPITAL AND HEALTH CENTER,PORTLAND,OR,UNITED STATES,1,33799
EMBRY-RIDDLE AERONAUTICAL UNIVERSITY,DAYTONA BEACH,FL,UNITED STATES,1,111078
EMERSON COLLEGE,BOSTON,MA,UNITED STATES,1,160385
EMMA PENDLETON BRADLEY HOSPITAL,EAST PROVIDENCE,RI,UNITED STATES,7,1010830
EMMES CORPORATION,POTOMAC,MD,UNITED STATES,14,4059793
EMORY UNIVERSITY,ATLANTA,GA,UNITED STATES,343,72325789
"EMPI, INC.",ST. PAUL,MN,UNITED STATES,1,272730
ENERGY RESEARCH CORPORATION,DANBURY,CT,UNITED STATES,1,49771
ENVIRONMENTAL HEALTH RESEARCH & TESTING,CINCINNATI,OH,UNITED STATES,1,0
ENVIRONMENTAL HEALTH RESEARCH & TESTING,LEXINGTON,KY,UNITED STATES,9,1769223
ENVIRONMENTAL HEALTH RESEARCH & TESTING,RESEARCH TRIANGLE PARK,NC,UNITED STATES,4,102955
ENVIRONMENTAL MUTAGEN SOCIETY,ARLINGTON,VA,UNITED STATES,1,4605
EPICENTER SOFTWARE,PASADENA,CA,UNITED STATES,1,270491
EQUIFAX GOVERNMENT AND SPECIAL SYSTEMS,MC LEAN,VA,UNITED STATES,1,7008
ERNEST GALLO CLINIC AND RESEARCH CENTER,EMERYVILLE,CA,UNITED STATES,8,2125938
"ESA, INC.",CHELMSFORD,MA,UNITED STATES,2,300000
EUNICE KENNEDY SHRIVER CTR MTL RETARDATN,WALTHAM,MA,UNITED STATES,26,4481860
EVANS COUNTY HEALTH DEPARTMENT,CLAXTON,GA,UNITED STATES,1,47713
"EXOCELL, INC.",PHILADELPHIA,PA,UNITED STATES,1,225210
EXPERIMENTAL PATHOLOGY LABORATORIES,HERNDON,VA,UNITED STATES,6,3277592
"FACILITIES MANAGEMENT COMPANY, INC.",LANHAM,MD,UNITED STATES,6,2
FAMILY HEALTH INTERNATIONAL,RESEARCH TRIANGLE PARK,NC,UNITED STATES,2,260000
"FAST SYSTEMS, INC.",GAITHERSBURG,MD,UNITED STATES,2,313211
FATHER FLANAGAN'S BOYS' HOME,BOYS TOWN,NE,UNITED STATES,18,4908687
FAYETTEVILLE STATE UNIVERSITY,FAYETTEVILLE,NC,UNITED STATES,1,273662
FEIN-MARQUART ASSOCIATES,BALTIMORE,MD,UNITED STATES,3,452700
"FERMALOGIC, INC.",CHICAGO,IL,UNITED STATES,2,99958
FERRIS STATE UNIVERSITY,BIG RAPIDS,MI,UNITED STATES,1,105844
"FFFRACTIONATION, LLC",SALT LAKE CITY,UT,UNITED STATES,2,100000
FISK UNIVERSITY,NASHVILLE,TN,UNITED STATES,1,342992
FLORIDA AGRICULTURAL AND MECHANICAL UNIV,TALLAHASSEE,FL,UNITED STATES,7,2802986
FLORIDA ASSN OF PEDIATRIC TUMOR PROG,TAMPA,FL,UNITED STATES,1,161344
FLORIDA ATLANTIC UNIVERSITY,BOCA RATON,FL,UNITED STATES,8,890686
FLORIDA HOSPITAL ASSOCIATION INFORM SYS,ORLANDO,FL,UNITED STATES,1,267331
FLORIDA INSTITUTE OF TECHNOLOGY,MELBOURNE,FL,UNITED STATES,4,599146
FLORIDA INTERNATIONAL UNIVERSITY,MIAMI,FL,UNITED STATES,7,1188661
FLORIDA STATE UNIVERSITY,TALLAHASSEE,FL,UNITED STATES,28,4321642
FOOKS MATHEWSON COMPANY,ARLINGTON,VA,UNITED STATES,2,14915
FORDHAM UNIVERSITY,NEW YORK,NY,UNITED STATES,7,1734337
FORSYTH INSTITUTE,BOSTON,MA,UNITED STATES,27,6019964
FORT LEWIS COLLEGE,DURANGO,CO,UNITED STATES,1,77189
"FOSTER-MILLER, INC.",WALTHAM,MA,UNITED STATES,3,231000
FOUNDATION FOR GENETIC RESEARCH,PHOENIX,AZ,UNITED STATES,1,71600
"FOUR-PI ANALYSIS, INC.",DURHAM,NC,UNITED STATES,1,50000
"FOURWARD OPTICAL TECHNOLOGIES, INC.",LA MESA,CA,UNITED STATES,1,252000
FOX CHASE CANCER CENTER,PHILADELPHIA,PA,UNITED STATES,64,18728237
FRANCIS SCOTT KEY MEDICAL CENTER,BALTIMORE,MD,UNITED STATES,2,445000
FRED HUTCHINSON CANCER RESEARCH CENTER,SEATTLE,WA,UNITED STATES,171,59260856
"FRIENDS RESEARCH INSTITUTE, INC.",BALTIMORE,MD,UNITED STATES,9,4089774
"FRONTIER SCIENCE & TECH RESEARCH FDN,INC",BROOKLINE,MA,UNITED STATES,1,1852807
"FU ASSOCIATES, LTD.",ARLINGTON,VA,UNITED STATES,2,299895
"G. WELLS AND ASSOCIATES, INC.",SPRINGFIELD,VA,UNITED STATES,8,68330
GALLAUDET UNIVERSITY,WASHINGTON,DC,UNITED STATES,8,539799
"GARDINER, KAMYA AND ASSOCIATES, P.C.",WASHINGTON,DC,UNITED STATES,2,172127
"GAUTHIER MEDICAL, INC.",ROCHESTER,MN,UNITED STATES,1,49525
GEMFIRE CORPORATION,PALO ALTO,CA,UNITED STATES,2,98452
"GENAISSANCE PHARMACEUTICALS, INC.",NEW HAVEN,CT,UNITED STATES,1,249999
"GENELABS TECHNOLOGIES, INC.",REDWOOD CITY,CA,UNITED STATES,2,382629
"GENEMEDICINE, INC.",THE WOODLANDS,TX,UNITED STATES,1,50000
GENERAL ATOMICS,SAN DIEGO,CA,UNITED STATES,3,635459
GENERAL ELECTRIC CO CORPORATE R&D CTR,NISKAYUNA,NY,UNITED STATES,3,737993
GENERAL ELECTRIC CO MEDICAL SYSTEMS GRP,WAUKESHA,WI,UNITED STATES,1,2067000
"GENETIC MODELS, INC.",INDIANAPOLIS,IN,UNITED STATES,1,49942
"GENETIC THERAPY, INC.",GAITHERSBURG,MD,UNITED STATES,1,245008
"GENETIC VECTORS, INC.",MIAMI,FL,UNITED STATES,1,49998
"GENETICS INSTITUTE, INC.",CAMBRIDGE,MA,UNITED STATES,1,147641
"GENPHARM INTERNATIONAL, INC.",SAN JOSE,CA,UNITED STATES,3,631705
GENTEST CORPORATION,WOBURN,MA,UNITED STATES,6,380978
GENZYME CORPORATION,FRAMINGTON,MA,UNITED STATES,1,0
GEORGE MASON UNIVERSITY,FAIRFAX,VA,UNITED STATES,2,192723
GEORGE WASHINGTON UNIVERSITY,WASHINGTON,DC,UNITED STATES,54,12260372
GEORGETOWN UNIVERSITY,WASHINGTON,DC,UNITED STATES,167,43495258
GEORGIA HEALTH SCIENCES UNIV RES INSTIT,AUGUSTA,GA,UNITED STATES,75,9307889
GEORGIA INSTITUTE OF TECHNOLOGY,ATLANTA,GA,UNITED STATES,21,2448689
GEORGIA SOUTHERN UNIVERSITY,STATESBORO,GA,UNITED STATES,6,560654
GEORGIA STATE DEPT OF HUMAN RESOURCES,ATLANTA,GA,UNITED STATES,2,200037
GEORGIA STATE UNIVERSITY,ATLANTA,GA,UNITED STATES,38,5323783
GEORGIA TECH RESEARCH CORPORATION,ATLANTA,GA,UNITED STATES,7,606197
GERONTOLOGICAL SOCIETY OF AMERICA,WASHINGTON,DC,UNITED STATES,3,108569
"GINER, INC.",WALTHAM,MA,UNITED STATES,1,269917
"GOOD SAMARITAN HOSP & MED CTR(PRTLND,OR)",PORTLAND,OR,UNITED STATES,31,3815684
GOOD SAMARITAN HOSPITAL,LOS ANGELES,CA,UNITED STATES,1,161324
GORDON RESEARCH CONFERENCES,KINGSTON,RI,UNITED STATES,42,339930
GRACE BIO-ONCOLOGY LABORATORY,PONTIAC,MI,UNITED STATES,2,286223
GRADUATE HOSPITAL (PHILADELPHIA),PHILADELPHIA,PA,UNITED STATES,12,1817636
GRAMBLING STATE UNIVERSITY,GRAMBLING,LA,UNITED STATES,5,737075
"GRAMMARIANS, INC.",ARLINGTON,VA,UNITED STATES,2,120000
"GROVE INSTRUMENTS, INC.",WORCESTER,MA,UNITED STATES,1,47268
GULF COAST RESEARCH LABORATORY,OCEAN SPRINGS,MS,UNITED STATES,1,307965
GUTHRIE FOUNDATION FOR EDUCATION AND RES,SAYRE,PA,UNITED STATES,2,249208
HACKENSACK UNIVERSITY MEDICAL CENTER,HACKENSACK,NJ,UNITED STATES,1,117366
HAHNEMANN UNIVERSITY,PHILADELPHIA,PA,UNITED STATES,46,8900332
HAMPSHIRE COLLEGE,AMHERST,MA,UNITED STATES,1,206730
HAMPTON UNIVERSITY,HAMPTON,VA,UNITED STATES,2,485588
"HARBOR BRANCH OCEANOGRAPHIC INST, INC.",FORT PIERCE,FL,UNITED STATES,2,220690
HARBOR-UCLA RESEARCH & EDUC INST,TORRANCE,CA,UNITED STATES,16,2421521
"HARLAN SPRAGUE DAWLEY, INC.",INDIANAPOLIS,IN,UNITED STATES,8,2854410
"HARLAN SPRAGUE DAWLEY, INC.",MADISON,WI,UNITED STATES,6,1341000
HARVARD UNIVERSITY,CAMBRIDGE,MA,UNITED STATES,122,27217874
HARVARD UNIVERSITY (MEDICAL SCHOOL),BOSTON,MA,UNITED STATES,420,118916781
"HASTINGS CENTER, INC.",BRIARCLIFF MANOR,NY,UNITED STATES,1,145073
HAUPTMAN-WOODWARD MEDICAL RESEARCH INST,BUFFALO,NY,UNITED STATES,10,1898674
HAZLETON BIOTECHNOLOGIES COMPANY,VIENNA,VA,UNITED STATES,7,1250000
HEALTH AND EDUCATION COMMUNICA CONSULTNT,BERKELEY,CA,UNITED STATES,1,49998
"HEALTH HERO NETWORK, INC.",MOUNTAIN VIEW,CA,UNITED STATES,1,133525
"HEALTH MANAGEMENT RESOURCES, INC.",LANDOVER,MD,UNITED STATES,1,414032
"HEALTH PROGRAMS INTERNATIONAL, INC.",WELLESLEY,MA,UNITED STATES,1,50000
"HEALTHCALLS AMERICA, INC.",NEW HAVEN,CT,UNITED STATES,1,249974
HEALTHCARE EDUCATION ASSOCIATES,LAGUNA NIGUEL,CA,UNITED STATES,1,35450
HEBREW HOME FOR THE AGED AT RIVERDALE,NEW YORK,NY,UNITED STATES,1,328468
HEBREW HOME OF GREATER WASHINGTON,ROCKVILLE,MD,UNITED STATES,6,598727
HEBREW REHABILITATION CENTER FOR AGED,BOSTON,MA,UNITED STATES,12,3929001
HEKTOEN INSTITUTE FOR MEDICAL RESEARCH,CHICAGO,IL,UNITED STATES,2,675616
HELEN HAYES HOSPITAL,WEST HAVERSTRAW,NY,UNITED STATES,6,1984036
"HELIOS, INC.",LONGMONT,CO,UNITED STATES,1,50000
HEMATOLOGY-ONCOLOGY ASSOCIATES/CTL NY,SYRACUSE,NY,UNITED STATES,1,118481
"HEMEX, INC.",BUFFALO,NY,UNITED STATES,1,268980
HENNEPIN COUNTY MED CTR (MINNEAPOLIS),MINNEAPOLIS,MN,UNITED STATES,1,238660
HENRY M. JACKSON FDN FOR THE ADV MIL/MED,BETHESDA,MD,UNITED STATES,42,6604694
"HEPATIX, INC.",HOUSTON,TX,UNITED STATES,1,50000
HERBERT H. LEHMAN COLLEGE,NEW YORK,NY,UNITED STATES,4,1036865
HEREDITARY DISEASE FOUNDATION,SANTA MONICA,CA,UNITED STATES,1,374234
HERNER AND COMPANY,ARLINGTON,VA,UNITED STATES,9,422811
HESKA CORPORATION,FORT COLLINS,CO,UNITED STATES,2,291593
HILL HEALTH CORPORATION,NEW HAVEN,CT,UNITED STATES,4,0
HISPANIC HEALTH COUNCIL,HARTFORD,CT,UNITED STATES,1,778446
"HI-TECH INTERNATIONAL, INC.",WASHINGTON,DC,UNITED STATES,1,0
HOFSTRA UNIVERSITY,HEMPSTEAD,NY,UNITED STATES,3,148806
HOPE COLLEGE,HOLLAND,MI,UNITED STATES,1,103608
HOSPITAL FOR JOINT DISEASES ORTHO INST,NEW YORK,NY,UNITED STATES,3,558408
HOSPITAL FOR SPECIAL SURGERY,NEW YORK,NY,UNITED STATES,18,3965784
HOUSE EAR INSTITUTE,LOS ANGELES,CA,UNITED STATES,5,486343
HOUSTON ACADEMY OF MED-TEXAS MED CTR LIB,HOUSTON,TX,UNITED STATES,3,906627
HOUSTON ADVANCED RESEARCH CENTER,THE WOODLANDS,TX,UNITED STATES,4,780658
"HOUSTON BIOTECHNOLOGY, INC.",THE WOODLANDS,TX,UNITED STATES,2,295487
HOWARD BROWN HEALTH CENTER,CHICAGO,IL,UNITED STATES,1,0
"HOWARD M. SHAPIRO, MD, P.C.",WEST NEWTON,MA,UNITED STATES,1,104163
HOWARD UNIVERSITY,WASHINGTON,DC,UNITED STATES,38,9315611
"HRB SYSTEMS, INC.",LINTHICUM,MD,UNITED STATES,2,161794
HUGO W. MOSER RES INST KENNEDY KRIEGER,BALTIMORE,MD,UNITED STATES,22,6410145
HUMBOLDT STATE UNIVERSITY,ARCATA,CA,UNITED STATES,1,94033
HUNTER COLLEGE,NEW YORK,NY,UNITED STATES,24,5069284
HUNTINGTON MEDICAL RESEARCH INSTITUTES,PASADENA,CA,UNITED STATES,4,1864390
"HYBRITECH, INC.",SAN DIEGO,CA,UNITED STATES,1,8400
"HYDRONAUTICS RESEARCH, INC.",FULTON,MD,UNITED STATES,2,264345
"IA, INC.",ANN ARBOR,MI,UNITED STATES,1,49960
"ICET, INC.",NORWOOD,MA,UNITED STATES,1,49383
IDAHO STATE UNIVERSITY,POCATELLO,ID,UNITED STATES,3,254924
"IDEAS, INC.",COLUMBIA,MD,UNITED STATES,6,428835
IDEC PHARMACEUTICALS CORPORATION,SAN DIEGO,CA,UNITED STATES,3,404411
IGEN RESEARCH INSTITUTE,ROCKVILLE,MD,UNITED STATES,2,317485
"IGR ENTERPRISES, INC.",BEACHWOOD,OH,UNITED STATES,2,100000
IIT RESEARCH INSTITUTE,CHICAGO,IL,UNITED STATES,16,1259796
ILLINOIS INSTITUTE OF TECHNOLOGY,CHICAGO,IL,UNITED STATES,5,633096
ILLINOIS STATE PSYCHIATRIC INST(CHICAGO),CHICAGO,IL,UNITED STATES,1,89276
IM SYSTEMS,ARNOLD,MD,UNITED STATES,3,565951
"IMARX THERAPEUTICS, INC.",TUCSON,AZ,UNITED STATES,1,232795
IMMUNE DEFICIENCY FOUNDATION,TOWSON,MD,UNITED STATES,1,74074
IMMUNICON CORPORATION,HUNTINGDON VALLEY,PA,UNITED STATES,1,168804
"IMMUNOGEN, INC.",CAMBRIDGE,MA,UNITED STATES,3,149700
"IMMUNOMEDICS, INC.",MORRIS PLAINS,NJ,UNITED STATES,3,149999
"IMMUNOPHARMACEUTICS, INC.",SAN DIEGO,CA,UNITED STATES,1,49129
"IMMUNOSCIENCES, INC.",NEW HYDE PARK,NY,UNITED STATES,1,50000
INDIANA STATE DEPARTMENT OF HEALTH,INDIANAPOLIS,IN,UNITED STATES,3,298469
INDIANA UNIVERSITY BLOOMINGTON,BLOOMINGTON,IN,UNITED STATES,99,14857706
"INDIVIDUAL AWARD--MODELL, HAROLD",SEATTLE,WA,UNITED STATES,1,148844
"INDIVIDUAL AWARD--SIERRA, MARTHA-LUCIA",ARLINGTON,VA,UNITED STATES,1,8000
INFODATA SYSTEMS,FAIRFAX,VA,UNITED STATES,3,35162
"INFOMETRIX, INC.",SEATTLE,WA,UNITED STATES,1,44121
INFORMATION DATA SYSTEMS CORPORATION,SILVER SPRING,MD,UNITED STATES,3,1544064
"INFORMATION MANAGEMENT SERVICES, INC.",SILVER SPRING,MD,UNITED STATES,16,4875262
"INFORMATION VENTURES, INC.",PHILADELPHIA,PA,UNITED STATES,9,1002253
INFOUSE,BERKELEY,CA,UNITED STATES,1,323631
"INFRARED FIBER SYSTEMS, INC.",SILVER SPRING,MD,UNITED STATES,1,116148
"INNERDYNE, INC.",SALT LAKE CITY,UT,UNITED STATES,1,49888
INNOVATIVE CHEMICAL/ENVIRONMENTAL TECH,NORWOOD,MA,UNITED STATES,1,250012
INSTITUTE ADVANCED STUDIES/IMMUNO/AGING,WASHINGTON,DC,UNITED STATES,1,19288
INSTITUTE FOR ADVANCEMENT/SOCIAL WRK RES,WASHINGTON,DC,UNITED STATES,1,115897
INSTITUTE FOR BASIC RES IN DEV DISABIL,NEW YORK,NY,UNITED STATES,18,3674108
INSTITUTE FOR CANCER RESEARCH,PHILADELPHIA,PA,UNITED STATES,32,9727629
INSTITUTE FOR CIRCADIAN PHYSIOLOGY,CAMBRIDGE,MA,UNITED STATES,1,79350
INSTITUTE FOR GENOMIC RESEARCH,GAITHERSBURG,MD,UNITED STATES,1,68188
INSTITUTE FOR RESEARCH ON SOCIAL PROBLEM,BOULDER,CO,UNITED STATES,1,183503
"INSTITUTE OF MOLECULAR BIOLOGY, INC.",WORCESTER,MA,UNITED STATES,1,49398
"INSTITUTES FOR BEHAVIOR RESOURCES, INC.",BALTIMORE,MD,UNITED STATES,2,1167669
"INTEGRA, INC.",RADNOR,PA,UNITED STATES,3,563283
"INTEGRATED GENETICS, INC.",FRAMINGHAM,MA,UNITED STATES,1,242130
"INTEGRATED LABORATORY SYSTEMS, INC.",DURHAM,NC,UNITED STATES,8,1876583
"INTELLIGENETICS, INC.",MOUNTAIN VIEW,CA,UNITED STATES,4,167848
"INTELLIGENT AUTOMATION, INC.",ROCKVILLE,MD,UNITED STATES,2,99366
INTELLIGENT HEARING SYSTEMS,MIAMI,FL,UNITED STATES,3,550063
INTERFAITH MEDICAL CTR (BROOKLYN),NEW YORK,NY,UNITED STATES,1,48597
INTERLAB CORPORATION,LAKE OSWEGO,OR,UNITED STATES,1,49800
INTERMAGNETICS GENERAL CORPORATION,LATHAM,NY,UNITED STATES,2,99255
INTERNATIONAL ASSN COMP RES ON LEUKEMIA,BOSTON,MA,UNITED STATES,1,12000
INTERNATIONAL ASSOCIATION FIRE FIGHTERS,WASHINGTON,DC,UNITED STATES,2,844098
INTERNATIONAL BUSINESS MACHINES CORP,BETHESDA,MD,UNITED STATES,3,8555332
INTERNATIONAL CHEMICAL WORKERS UNION,AKRON,OH,UNITED STATES,2,3319443
INTERNATIONAL SPECIES INFORMATION SYSTEM,APPLE VALLEY,MN,UNITED STATES,1,95885
INTERNATIONAL UNION OPERATING ENGINEERS,WASHINGTON,DC,UNITED STATES,2,2531630
"INTERNATIONAL UNION, UAW OF AMER AFL-CIO",DETROIT,MI,UNITED STATES,1,670967
"INTERSYSTEMS, INC.",NEW YORK,NY,UNITED STATES,1,0
"IONICS INTERNATIONAL, INC.",HOUSTON,TX,UNITED STATES,1,223649
IOWA ONCOLOGY RESEARCH ASSOCIATION,DES MOINES,IA,UNITED STATES,1,152817
IOWA STATE UNIVERSITY,AMES,IA,UNITED STATES,44,7162983
IPA SYSTEMS,SYRACUSE,NY,UNITED STATES,1,74976
"ISA ASSOCIATES, INC.",ALEXANDRIA,VA,UNITED STATES,1,231909
"ISS, INC.",CHAMPAIGN,IL,UNITED STATES,1,50000
"ISSEMBERT PRODUCTIONS, INC.",CHEVY CHASE,MD,UNITED STATES,1,651913
J. DAVID GLADSTONE INSTITUTES,IRVINE,CA,UNITED STATES,12,5252027
JACKSON LABORATORY,BAR HARBOR,ME,UNITED STATES,53,13850082
JACKSON STATE UNIVERSITY,JACKSON,MS,UNITED STATES,10,2181665
"JACOBSON, PRICE, HOLMAN & STERN",WASHINGTON,DC,UNITED STATES,11,42488
"JAEB CENTER FOR HEALTH RESEARCH, INC.",TAMPA,FL,UNITED STATES,1,62223
"JAMES BELL ASSOCIATES, INC.",ARLINGTON,VA,UNITED STATES,3,0
JAMES MADISON UNIVERSITY,HARRISONBURG,VA,UNITED STATES,1,122580
JAMES N. GAMBLE INSTITUTE OF MEDICAL RES,CINCINNATI,OH,UNITED STATES,5,731045
JARVIS CHRISTIAN COLLEGE,HAWKINS,TX,UNITED STATES,2,215229
JEWISH HOSPITAL OF SAINT LOUIS,ST. LOUIS,MO,UNITED STATES,41,9171934
"JOHN B. PIERCE LABORATORY, INC.",NEW HAVEN,CT,UNITED STATES,14,3498528
JOHN WAYNE CANCER INSTITUTE,SANTA MONICA,CA,UNITED STATES,4,3743760
JOHNS HOPKINS HOSPITAL,BALTIMORE,MD,UNITED STATES,1,32846
JOHNS HOPKINS UNIVERSITY,BALTIMORE,MD,UNITED STATES,967,259252114
JOHNSON C. SMITH UNIVERSITY,CHARLOTTE,NC,UNITED STATES,4,649603
"JOHNSON, BASSIN AND SHAW, INC.",SILVER SPRING,MD,UNITED STATES,10,937720
JOSLIN DIABETES CENTER,BOSTON,MA,UNITED STATES,31,8545954
"JP LABORATORIES, INC.",MIDDLESEX,NJ,UNITED STATES,1,253482
JUDGE BAKER CHILDREN'S CENTER,BOSTON,MA,UNITED STATES,1,338702
"JULE BIOTECHNOLOGIES, INC.",NEW HAVEN,CT,UNITED STATES,1,101097
JWK INTERNATIONAL CORPORATION,ANNANDALE,VA,UNITED STATES,3,594784
"KAI RESEARCH, INC",ROCKVILLE,MD,UNITED STATES,1,138517
KAISER FOUNDATION HOSPITALS,OAKLAND,CA,UNITED STATES,1,196628
KAISER FOUNDATION RESEARCH INSTITUTE,LOS ANGELES,CA,UNITED STATES,1,41200
KAISER FOUNDATION RESEARCH INSTITUTE,OAKLAND,CA,UNITED STATES,35,8492145
KALAMAZOO COLLEGE,KALAMAZOO,MI,UNITED STATES,1,170849
KANSAS STATE UNIVERSITY,MANHATTAN,KS,UNITED STATES,20,2672844
"KARO BIO, INC.",SAN FRANCISCO,CA,UNITED STATES,1,48664
"KDL MEDICAL TECHNOLOGIES, INC.",PHILADELPHIA,PA,UNITED STATES,1,25000
KENNESAW STATE UNIVERSITY,KENNESAW,GA,UNITED STATES,1,133828
KENSAL CORPORATION,TUCSON,AZ,UNITED STATES,2,478592
KENTUCKY STATE UNIVERSITY,FRANKFORT,KY,UNITED STATES,1,194419
"KESSLER COMMUNICATIONS, INC.",PHILADELPHIA,PA,UNITED STATES,3,179544
KESSLER INSTITUTE FOR REHABILITATION,WEST ORANGE,NJ,UNITED STATES,1,91719
"KEVRIC COMPANY, INC.",SILVER SPRING,MD,UNITED STATES,1,224506
KEYSTONE CENTER,DILLON,CO,UNITED STATES,8,63000
KIRKWOOD COMMUNITY COLLEGE,CEDAR RAPIDS,IA,UNITED STATES,1,255557
KOBA ASSOCIATES,WASHINGTON,DC,UNITED STATES,3,345927
"KORTEAM INTERNATIONAL, INC.",SUNNYVALE,CA,UNITED STATES,1,249576
KRA CORPORATION,SILVER SPRING,MD,UNITED STATES,1,375000
KUAKINI MEDICAL CENTER,HONOLULU,HI,UNITED STATES,5,2919085
KY ST DEPT MENTAL HEALTH/MENTAL RETARDTN,FRANKFORT,KY,UNITED STATES,1,110075
LA GUARDIA COMMUNITY COLLEGE,NEW YORK,NY,UNITED STATES,1,309908
LA JOLLA INST FOR ALLERGY & IMMUNOLGY,SAN DIEGO,CA,UNITED STATES,4,758736
"LABORATORY ANIMAL SERVICES, INC.",ROCKVILLE,MD,UNITED STATES,4,81377
LABORERS-AGC EDUCATION AND TRAINING FUND,POMFRET CENTER,CT,UNITED STATES,2,7916605
"LAI LABORATORIES, INC.",BURNSVILLE,MN,UNITED STATES,1,241190
LANE COLLEGE,JACKSON,TN,UNITED STATES,2,294909
LAWRENCE H. LANZL INST OF MED PHYSICS,SEATTLE,WA,UNITED STATES,2,636854
LAWRENCE UNIVERSITY,APPLETON,WI,UNITED STATES,1,113944
"LC RESOURCES, INC.",WALNUT CREEK,CA,UNITED STATES,1,254700
"LC TECHNOLOGIES, INC.",FAIRFAX,VA,UNITED STATES,1,46518
LDS HOSPITAL,SALT LAKE CITY,UT,UNITED STATES,2,439517
"LE RESEARCH, INC.",ST. PAUL,MN,UNITED STATES,1,165363
"LECTIN ASSAYS, INC.",SALEM,NH,UNITED STATES,1,50000
LEHIGH UNIVERSITY,BETHLEHEM,PA,UNITED STATES,8,745218
LENOX HILL HOSPITAL,NEW YORK,NY,UNITED STATES,1,30000
"LEXICAL TECHNOLOGY, INC.",ALAMEDA,CA,UNITED STATES,10,1204393
"LIFESENSORS, INC.",NOBLE,OK,UNITED STATES,1,244312
LIFESPAN TECHNOLOGY,GULPH MILLS,PA,UNITED STATES,1,49982
LIGAND PHARMACEUTICALS,SAN DIEGO,CA,UNITED STATES,1,70598
LIGHTWAVE ELECTRONICS CORPORATION,MOUNTAIN VIEW,CA,UNITED STATES,3,147878
LINCOLN UNIVERSITY,JEFFERSON CITY,MO,UNITED STATES,1,287897
LINCOLN UNIVERSITY,LINCOLN UNIVERSITY,PA,UNITED STATES,1,154872
"LINK RESEARCH, INC.",SALT LAKE CITY,UT,UNITED STATES,1,50000
LINUS PAULING INSTITUTE,CORVALLIS,OR,UNITED STATES,1,149713
"LIPITEK INTERNATIONAL, INC.",SAN ANTONIO,TX,UNITED STATES,9,156765
"LISBOA ASSOCIATES, INC.",WASHINGTON,DC,UNITED STATES,1,220164
"LKT LABORATORIES, INC.",ST. PAUL,MN,UNITED STATES,5,327600
"LOATS ASSOCIATES, INC.",WESTMINSTER,MD,UNITED STATES,2,300046
"LOCKHEED MARTIN ENERGY SYSTEMS, INC.",OAK RIDGE,TN,UNITED STATES,4,867398
"LOCUS SYSTEMS, INC.",LAUREL,MD,UNITED STATES,1,46997
"LOGISTICS APPLICATIONS, INC.",LANDOVER,MD,UNITED STATES,1,320000
LOMA LINDA UNIVERSITY,LOMA LINDA,CA,UNITED STATES,15,2640264
LONG BEACH MEMORIAL MEDICAL CENTER,LONG BEACH,CA,UNITED STATES,1,77549
LONG ISLAND JEWISH MEDICAL CENTER,NEW HYDE PARK,NY,UNITED STATES,25,5204252
LONG ISLAND UNIVERSITY BROOKLYN CAMPUS,NEW YORK,NY,UNITED STATES,1,144972
LOS AMIGOS RESEARCH/EDUCATION INSTITUTE,DOWNEY,CA,UNITED STATES,1,103096
LOS ANGELES COUNTY HARBOR-UCLA MED CTR,TORRANCE,CA,UNITED STATES,34,9187085
LOS ANGELES COUNTY-UNIV OF S CAL MED CTR,LOS ANGELES,CA,UNITED STATES,2,161615
LOS ANGELES REG FAMILY PLANNING COUNCIL,LOS ANGELES,CA,UNITED STATES,2,613464
LOUISIANA ORGAN PROCUREMENT AGENCY,METAIRIE,LA,UNITED STATES,1,87175
LOUISIANA STATE UNIV A&M COL BATON ROUGE,BATON ROUGE,LA,UNITED STATES,19,2691945
LOVELACE BIOMEDICAL & ENVIRONMENTAL RES,ALBUQUERQUE,NM,UNITED STATES,3,792680
LOVELACE RESPIRATORY RESEARCH INSTITUTE,ALBUQUERQUE,NM,UNITED STATES,15,872338
LOYOLA MARYMOUNT UNIVERSITY,LOS ANGELES,CA,UNITED STATES,1,115741
LOYOLA UNIVERSITY OF CHICAGO,CHICAGO,IL,UNITED STATES,8,1948139
LSU PENNINGTON BIOMEDICAL RESEARCH CTR,BATON ROUGE,LA,UNITED STATES,8,1452570
"LUCID TECHNOLOGIES, INC.",HENRIETTA,NY,UNITED STATES,1,50000
LUCILE SALTER PACKARD CHILDREN'S HOSP,PALO ALTO,CA,UNITED STATES,1,155237
"LYNNTECH, INC.",COLLEGE STATION,TX,UNITED STATES,4,374434
"LYNX THERAPEUTICS, INC.",HAYWARD,CA,UNITED STATES,1,50000
"M C SYSTEMS CONSULTANTS, INC.",LANHAM,MD,UNITED STATES,1,109388
MACCONNELL RESEARCH CORPORATION,SAN DIEGO,CA,UNITED STATES,1,49997
"MACRO INTERNATIONAL, INC.",CALVERTON,MD,UNITED STATES,10,1209859
MAHARISHI UNIVERSITY OF MANAGEMENT,FAIRFIELD,IA,UNITED STATES,8,763374
MAIMONIDES MEDICAL CENTER (BROOKLYN),NEW YORK,NY,UNITED STATES,3,339573
MAINE MEDICAL CENTER,PORTLAND,ME,UNITED STATES,1,200215
MALLORY INSTITUTE OF PATHOLOGY,BOSTON,MA,UNITED STATES,2,300359
"MANAGEMENT SYSTEMS DESIGNERS, INC.",VIENNA,VA,UNITED STATES,52,2272830
MARINE BIOLOGICAL LABORATORY,WOODS HOLE,MA,UNITED STATES,13,1858905
"MARION DATA SERVICES, INC.",VIENNA,VA,UNITED STATES,2,1
MARQUETTE UNIVERSITY,MILWAUKEE,WI,UNITED STATES,11,772704
MARSHALL UNIVERSITY,HUNTINGTON,WV,UNITED STATES,12,1050338
MARSHFIELD CLINIC,MARSHFIELD,WI,UNITED STATES,6,776204
MARTEK BIOSCIENCE CORPORATION,COLUMBIA,MD,UNITED STATES,7,593831
MARY IMOGENE BASSETT HOSPITAL,COOPERSTOWN,NY,UNITED STATES,4,612795
"MASONIC MEDICAL RESEARCH LABORATORY, INC",UTICA,NY,UNITED STATES,2,455995
MASSACHUSETTS CORP/EDUCATIONAL TELECOMM,CAMBRIDGE,MA,UNITED STATES,1,406470
MASSACHUSETTS EYE AND EAR INFIRMARY,BOSTON,MA,UNITED STATES,30,7622247
MASSACHUSETTS GENERAL HOSPITAL,BOSTON,MA,UNITED STATES,339,88887181
MASSACHUSETTS HEALTH RESEARCH INSTITUTE,BOSTON,MA,UNITED STATES,5,1089341
MASSACHUSETTS INSTITUTE BEHAVIORAL MED,EAST LONGMEADOW,MA,UNITED STATES,1,419744
MASSACHUSETTS INSTITUTE OF TECHNOLOGY,CAMBRIDGE,MA,UNITED STATES,220,62064039
MASSACHUSETTS TECHNOLOGICAL LABORATORY,LAUREL,MD,UNITED STATES,5,350000
"MASTERPOINT VIDEO PRODUCT, INC.",BATON ROUGE,LA,UNITED STATES,1,249739
MATTEK CORPORATION,ASHLAND,MA,UNITED STATES,3,138821
MAYATECH CORPORATION,SILVER SPRING,MD,UNITED STATES,16,1737682
MAYO CLINIC,ROCHESTER,MN,UNITED STATES,207,47564899
"MC BRIDE AND ASSOCIATES, INC.",ALBUQUERQUE,NM,UNITED STATES,1,1
MC DONALD AND EUDY,TEMPLE HILLS,MD,UNITED STATES,2,358940
MC DONNELL DOUGLAS/TYMNET,VIENNA,VA,UNITED STATES,3,300000
"MC LEAN HOSPITAL (BELMONT, MA)",BELMONT,MA,UNITED STATES,40,11577232
MCNC,RESEARCH TRIANGLE PARK,NC,UNITED STATES,1,554674
"MDL INFORMATION SYSTEMS, INC.",SAN LEANDRO,CA,UNITED STATES,1,177146
"MEDICAL ADVANCES, INC.",MILWAUKEE,WI,UNITED STATES,1,49769
MEDICAL BIOLOGY INSTITUTE,SAN DIEGO,CA,UNITED STATES,9,2034245
MEDICAL COLLEGE OF WISCONSIN,MILWAUKEE,WI,UNITED STATES,130,24667247
MEDICAL DATA EXCHANGE,LOS ALTOS,CA,UNITED STATES,1,39498
"MEDICAL DECISION LOGIC, INC.",BALTIMORE,MD,UNITED STATES,1,79479
MEDICAL EQUIPMENT AND MAINTENANCE CO.,ROCKVILLE,MD,UNITED STATES,3,124728
MEDICAL ILLNESS COUNSELING CENTER,CHEVY CHASE,MD,UNITED STATES,3,419372
"MEDICAL PHYSICS, INC.",SALT LAKE CITY,UT,UNITED STATES,5,1142754
MEDICAL SCIENCES RESEARCH INSTITUTE,HERNDON,VA,UNITED STATES,3,611089
MEDICAL SYSTEMS CORPORATION,GREENVALE,NY,UNITED STATES,1,255255
MEDICAL UNIVERSITY OF SOUTH CAROLINA,CHARLESTON,SC,UNITED STATES,102,18051153
"MEDIMATRIX, INC.",WEST CHESTER,PA,UNITED STATES,1,256162
"MEDIMMUNE, INC.",GAITHERSBURG,MD,UNITED STATES,3,527178
"MEDISORB TECHNOLOGIES INTERNATIONAL, LP",CINCINNATI,OH,UNITED STATES,1,262063
"MEDISPECTRA, INC.",LEXINGTON,MA,UNITED STATES,1,50000
MEDLANTIC RESEARCH INSTITUTE,WASHINGTON,DC,UNITED STATES,10,1842017
"MEEKS ASSOCIATES, INC.",LINCOLN,MA,UNITED STATES,1,50000
MEGABASE RESEARCH PRODUCTS,LINCOLN,NE,UNITED STATES,2,99741
MEHARRY MEDICAL COLLEGE,NASHVILLE,TN,UNITED STATES,43,9671899
"MELA ASSOCIATES, INC.",VIENNA,VA,UNITED STATES,1,0
MEMORIAL HOSPITAL FOR CANCER & ALLIED DI,NEW YORK,NY,UNITED STATES,21,2013864
MEMORIAL HOSPITAL OF RHODE ISLAND,PAWTUCKET,RI,UNITED STATES,8,4927634
MEMORIAL SLOAN-KETTERING CANCER CENTER,NEW YORK,NY,UNITED STATES,3,275582
MEMRY TECHNOLOGIES,NORWALK,CT,UNITED STATES,1,201371
MENORAH PARK CENTER FOR SENIOR LIVING,BEACHWOOD,OH,UNITED STATES,1,334319
"MENSSANA RESEARCH, INC.",FORT LEE,NJ,UNITED STATES,1,50000
MERCER UNIVERSITY MACON,MACON,GA,UNITED STATES,6,489114
"MERCY HOSPITAL (SCRANTON, PA)",SCRANTON,PA,UNITED STATES,1,178408
MERCY HOSPITAL OF PITTSBURGH,PITTSBURGH,PA,UNITED STATES,1,78817
"MERIDIAN INSTRUMENTS, INC.",OKEMOS,MI,UNITED STATES,3,499049
"MERRIFIELD LABORATORIES, INC.",FAIRFAX,VA,UNITED STATES,6,701394
"METABOLIC SOLUTIONS, INC.",MERRIMACK,NH,UNITED STATES,1,192098
"METABOLIX, INC.",CAMBRIDGE,MA,UNITED STATES,2,100000
METAGENE CORPORATION,ALACHUA,FL,UNITED STATES,1,99139
"METAMETRICS, INC.",DURHAM,NC,UNITED STATES,1,244290
METHODIST HOSPITAL (HOUSTON),HOUSTON,TX,UNITED STATES,3,1003768
"MGS RESEARCH, INC.",GUILFORD,CT,UNITED STATES,1,50000
MICHIGAN STATE DEPT OF COMMUNITY HEALTH,LANSING,MI,UNITED STATES,1,189943
MICHIGAN STATE DEPT OF PUBLIC HEALTH,LANSING,MI,UNITED STATES,5,1206252
MICHIGAN STATE UNIVERSITY,EAST LANSING,MI,UNITED STATES,126,21065526
"MICROBIOLOGICAL ASSOCIATES, INC.",ROCKVILLE,MD,UNITED STATES,18,5468534
"MICROFAB TECHNOLOGIES, INC.",PLANO,TX,UNITED STATES,2,100000
"MICROMATH, INC.",SALT LAKE CITY,UT,UNITED STATES,1,251526
"MICROMEDIA LABORATORIES, INC.",COLLEGE PARK,MD,UNITED STATES,2,20000
"MICROSTRAIN, INC.",BURLINGTON,VT,UNITED STATES,1,49975
"MICROWAVE MEDICAL SYSTEMS, INC.",ACTON,MA,UNITED STATES,3,333984
MIDDLEBURY COLLEGE,MIDDLEBURY,VT,UNITED STATES,1,110192
MIDWEST RESEARCH INSTITUTE,KANSAS CITY,MO,UNITED STATES,16,3883523
MIKALIX AND COMPANY,LEXINGTON,MA,UNITED STATES,1,328321
MILLARD FILLMORE HOSPITAL,BUFFALO,NY,UNITED STATES,1,149346
"MINNEAPOLIS MEDICAL RESEARCH FDN, INC.",MINNEAPOLIS,MN,UNITED STATES,11,2357914
MINNESOTA STATE DEPT OF HEALTH,MINNEAPOLIS,MN,UNITED STATES,7,1852000
MIRIAM HOSPITAL,PROVIDENCE,RI,UNITED STATES,19,2643473
MISSISSIPPI STATE UNIVERSITY,MISSISSIPPI STATE,MS,UNITED STATES,6,419940
MISSOURI BOTANICAL GARDEN,ST. LOUIS,MO,UNITED STATES,1,382038
MISSOURI UNIVERSITY OF SCIENCE & TECHNOL,ROLLA,MO,UNITED STATES,2,232029
"MITRETEK SYSTEMS, INC.",MC LEAN,VA,UNITED STATES,3,2000000
"MIXTURE SCIENCES, INC.",SAN DIEGO,CA,UNITED STATES,2,804288
"MMTC, INC.",PRINCETON,NJ,UNITED STATES,1,49899
"MOBERG MEDICAL, INC.",AMBLER,PA,UNITED STATES,1,50000
"MOBILE CARE, INC.",GREAT BEND,KS,UNITED STATES,1,50000
"MOCO, INC.",SCITUATE,MA,UNITED STATES,1,49880
"MOFFITT, H LEE CANCER CENTER & RESEARCH",TAMPA,FL,UNITED STATES,55,6903245
"MOLDYN, INC.",SAN DIEGO,CA,UNITED STATES,1,49969
MOLECULAR RESEARCH INSTITUTE,PALO ALTO,CA,UNITED STATES,4,824730
"MOLECULAR SIMULATIONS, INC.",SAN DIEGO,CA,UNITED STATES,1,0
"MOLECULES FOR HEALTH, INC.",RICHMOND,VA,UNITED STATES,1,249809
MONELL CHEMICAL SENSES CENTER,PHILADELPHIA,PA,UNITED STATES,27,4185866
MONSANTO COMPANY,ST. LOUIS,MO,UNITED STATES,2,200724
MONTANA STATE UNIVERSITY - BOZEMAN,BOZEMAN,MT,UNITED STATES,19,2372939
"MONTEFIORE MEDICAL CENTER (BRONX, NY)",NEW YORK,NY,UNITED STATES,31,8247349
MONTEFIORE UNIVERSITY HOSPITAL,PITTSBURGH,PA,UNITED STATES,1,112420
MOREHOUSE COLLEGE,ATLANTA,GA,UNITED STATES,2,1023439
MOREHOUSE SCHOOL OF MEDICINE,ATLANTA,GA,UNITED STATES,19,6788789
MORGAN STATE UNIVERSITY,BALTIMORE,MD,UNITED STATES,1,257379
MORPHONIX,SAN ANSELMO,CA,UNITED STATES,1,249136
MORRIS BROWN COLLEGE,ATLANTA,GA,UNITED STATES,1,130406
MORRIS COLLEGE,SUMTER,SC,UNITED STATES,1,66212
MO-SCI CORPORATION,ROLLA,MO,UNITED STATES,2,283788
MOSS REHABILITATION HOSPITAL,PHILADELPHIA,PA,UNITED STATES,5,813478
"MOTION CONTROL, INC.",SALT LAKE CITY,UT,UNITED STATES,1,188450
MOUNT DESERT ISLAND BIOLOGICAL LAB,SALSBURY COVE,ME,UNITED STATES,1,285498
MOUNT HOLYOKE COLLEGE,SOUTH HADLEY,MA,UNITED STATES,1,95217
MOUNT SINAI MEDICAL CENTER (MIAMI BEACH),MIAMI BEACH,FL,UNITED STATES,5,542043
MOUNT SINAI SCHOOL OF MEDICINE OF CUNY,NEW YORK,NY,UNITED STATES,193,50443386
MOUNT ST. MARY'S COLLEGE,LOS ANGELES,CA,UNITED STATES,1,219456
"MPI RESEARCH, LLC",MATTAWAN,MI,UNITED STATES,8,984832
MULTICARE HEALTH SYSTEM,TACOMA,WA,UNITED STATES,1,382136
MULTNOMAH COUNTY HEALTH DEPARTMENT,PORTLAND,OR,UNITED STATES,2,752315
MURITECH,CAMBRIDGE,MA,UNITED STATES,1,50000
"MVBS, INC.",ALEXANDRIA,VA,UNITED STATES,1,50000
"MYCOLOGICS, INC.",DENVER,CO,UNITED STATES,2,82750
"NANOPROBES, INC.",STONY BROOK,NY,UNITED STATES,3,149989
"NANOPTICS, INC.",GAINESVILLE,FL,UNITED STATES,1,50000
NASA- -AMES RESEARCH CENTER,MOFFETT FIELD NAVAL AI,CA,UNITED STATES,1,157950
NATHAN S. KLINE INSTITUTE FOR PSYCH RES,ORANGEBURG,NY,UNITED STATES,11,1444887
NATIONAL ACADEMY OF SCIENCES,WASHINGTON,DC,UNITED STATES,46,9281492
NATIONAL ALLIANCE FOR HISPANIC HEALTH,WASHINGTON,DC,UNITED STATES,2,499108
NATIONAL BIOMEDICAL RESEARCH FOUNDATION,WASHINGTON,DC,UNITED STATES,2,1238713
"NATIONAL BIOSYSTEMS, INC.",ROCKVILLE,MD,UNITED STATES,5,1341262
NATIONAL BUREAU OF ECONOMIC RESEARCH,CAMBRIDGE,MA,UNITED STATES,15,2284339
NATIONAL CANCER INSTITUTE,BETHESDA,MD,UNITED STATES,1,12000
NATIONAL CHILDHOOD CANCER FOUNDATION,ARCADIA,CA,UNITED STATES,6,5605680
NATIONAL COUNCIL ON RAD PROT & MEASUREMS,BETHESDA,MD,UNITED STATES,1,250956
NATIONAL DEVELOPMENT & RES INSTITUTES,NEW YORK,NY,UNITED STATES,12,6486572
NATIONAL DISEASE RESEARCH INTERCHANGE,PHILADELPHIA,PA,UNITED STATES,3,1496351
NATIONAL HEALTH PROMOTION ASSOCIATES,HARTSDALE,NY,UNITED STATES,2,99880
NATIONAL HEMOPHILIA FOUNDATION,NEW YORK,NY,UNITED STATES,5,2274056
NATIONAL IRONWORKERS & EMPLOYERS APPRETI,WASHINGTON,DC,UNITED STATES,1,272012
NATIONAL JEWISH HEALTH,DENVER,CO,UNITED STATES,67,16121453
"NATIONAL MARROW DONOR PROGRAM, INC",MINNEAPOLIS,MN,UNITED STATES,5,16234124
NATIONAL MEDICAL ASSOCIATION,WASHINGTON,DC,UNITED STATES,1,220584
NATIONAL MULTIPLE SCLEROSIS SOCIETY,NEW YORK,NY,UNITED STATES,1,50000
NATIONAL OPINION RESEARCH CENTER,CHICAGO,IL,UNITED STATES,9,2186931
NATIONAL UNDERGROUND STORAGE,BOYERS,PA,UNITED STATES,3,33225
NC ST DEPT/ENVIRON HLTH/NAT RESOURCES,RALEIGH,NC,UNITED STATES,1,582702
"NELSON INFORMATION SYSTEMS, INC.",BETHESDA,MD,UNITED STATES,1,25000
"NEPA-NEW HAMPSHIRE, INC.",NASHUA,NH,UNITED STATES,1,720359
"NERVOUS SYSTEMS, INC.",WEST BLOOMFIELD,MI,UNITED STATES,2,50000
NEUREX CORPORATION,MENLO PARK,CA,UNITED STATES,1,82767
"NEURO SCAN, INC.",STERLING,VA,UNITED STATES,3,4511
NEUROMETRICS INSTITUTE,OAKLAND,CA,UNITED STATES,1,50000
NEUTRON TECHNOLOGY,BOISE,ID,UNITED STATES,2,281449
NEW DESIGNS CORPORATION,SEATTLE,WA,UNITED STATES,2,0
"NEW ENGLAND BIOLABS, INC.",BEVERLY,MA,UNITED STATES,2,348815
NEW ENGLAND COLLEGE OF OPTOMETRY,BOSTON,MA,UNITED STATES,1,103692
NEW ENGLAND DEACONESS HOSPITAL,BOSTON,MA,UNITED STATES,50,11639703
NEW ENGLAND MEDICAL CENTER HOSPITALS,BOSTON,MA,UNITED STATES,99,21794539
"NEW ENGLAND RESEARCH INSTITUTES, INC.",WATERTOWN,MA,UNITED STATES,29,8828247
NEW HAMPSHIRE STATE DEPT OF HLTH/HUM SRV,CONCORD,NH,UNITED STATES,1,155307
NEW JERSEY STATE DEPT/HEALTH/SENIOR SRVS,TRENTON,NJ,UNITED STATES,5,1109370
NEW MEXICO HIGHLANDS UNIVERSITY,LAS VEGAS,NM,UNITED STATES,1,251257
NEW MEXICO STATE DEPARTMENT OF HEALTH,SANTA FE,NM,UNITED STATES,3,670211
NEW MEXICO STATE UNIVERSITY LAS CRUCES,LAS CRUCES,NM,UNITED STATES,10,2010337
NEW SCHOOL UNIVERSITY,NEW YORK,NY,UNITED STATES,1,175575
NEW YORK ACADEMY OF MEDICINE,NEW YORK,NY,UNITED STATES,3,1024776
NEW YORK ACADEMY OF SCIENCES,NEW YORK,NY,UNITED STATES,6,86350
NEW YORK BLOOD CENTER,NEW YORK,NY,UNITED STATES,13,3775451
NEW YORK BOTANICAL GARDEN,NEW YORK,NY,UNITED STATES,1,252236
NEW YORK HALL OF SCIENCE,NEW YORK,NY,UNITED STATES,1,104902
NEW YORK INST OF TECHNOLOGY,OLD WESTBURY,NY,UNITED STATES,1,78226
NEW YORK MEDICAL COLLEGE,VALHALLA,NY,UNITED STATES,58,13275961
NEW YORK METHODIST HOSPITAL,NEW YORK,NY,UNITED STATES,1,111662
NEW YORK ST OFF OF MR AND DEV DISAB,ALBANY,NY,UNITED STATES,2,739327
NEW YORK STATE CNCL FOR MTL HYGIENE PLNG,ALBANY,NY,UNITED STATES,6,1484557
NEW YORK STATE DEPT OF HEALTH,ALBANY,NY,UNITED STATES,8,1930957
NEW YORK STATE NURSES ASSOCIATION,GUILDERLAND,NY,UNITED STATES,1,297960
NEW YORK STATE OFF ALCOHOLISM/SUB ABUSE,NEW YORK,NY,UNITED STATES,2,1056414
NEW YORK STATE OFFICE OF MENTAL HEALTH,ALBANY,NY,UNITED STATES,5,1034435
NEW YORK STATE PSYCHIATRIC INSTITUTE,NEW YORK,NY,UNITED STATES,77,23653276
NEW YORK UNIVERSITY,NEW YORK,NY,UNITED STATES,277,69553620
NIAGARA UNIVERSITY,NIAGARA UNIVERSITY,NY,UNITED STATES,1,66447
"NICHOLS TECHNOLOGIES, INC.",COLUMBIA,MO,UNITED STATES,2,224045
"NIMBUS, INC.",RANCHO CORDOVA,CA,UNITED STATES,2,456075
NORFOLK STATE UNIVERSITY,NORFOLK,VA,UNITED STATES,1,98077
"NORTH AMERICAN BIOLOGICALS, INC.",MIAMI,FL,UNITED STATES,3,1041957
NORTH CAROLINA AGRI & TECH ST UNIV,GREENSBORO,NC,UNITED STATES,4,461710
NORTH CAROLINA CENTRAL UNIVERSITY,DURHAM,NC,UNITED STATES,1,138339
"NORTH CAROLINA ST DEPT/ENVIRON, HLTH, NR",RALEIGH,NC,UNITED STATES,1,192413
NORTH CAROLINA STATE UNIVERSITY RALEIGH,RALEIGH,NC,UNITED STATES,54,7352299
NORTH DAKOTA STATE DEPARTMENT OF HEALTH,BISMARCK,ND,UNITED STATES,2,72755
NORTH DAKOTA STATE UNIVERSITY,FARGO,ND,UNITED STATES,4,544743
NORTH SHORE UNIVERSITY HOSPITAL,MANHASSET,NY,UNITED STATES,18,4642412
NORTHEAST DOCUMENT CONSERVATION CENTER,ANDOVER,MA,UNITED STATES,2,24799
NORTHEASTERN UNIVERSITY,BOSTON,MA,UNITED STATES,25,3519123
NORTHERN ARIZONA UNIVERSITY,FLAGSTAFF,AZ,UNITED STATES,4,1003931
NORTHERN CALIFORNIA INSTITUTE RES & EDUC,SAN FRANCISCO,CA,UNITED STATES,1,14271
NORTHERN KENTUCKY UNIVERSITY,HIGHLAND HEIGHTS,KY,UNITED STATES,1,90094
"NORTHWEST MEDIA, INC.",EUGENE,OR,UNITED STATES,4,276418
NORTHWESTERN UNIVERSITY MEDICAL SCHOOL,CHICAGO,IL,UNITED STATES,158,37367382
NOVA PHARMACEUTICAL CORPORATION,BALTIMORE,MD,UNITED STATES,2,470000
NOVA RESEARCH COMPANY,BETHESDA,MD,UNITED STATES,13,4086702
NOVEL PHARMACEUTICALS,DURHAM,NC,UNITED STATES,1,49979
"NPS PHARMACEUTICALS, INC.",SALT LAKE CITY,UT,UNITED STATES,1,248186
NSI TECHNOLOGY SERVICES CORPORATION,RESEARCH TRIANGLE PARK,NC,UNITED STATES,3,2468201
NURSING SYSTEMS INTERNATIONAL,BORDENTOWN,NJ,UNITED STATES,1,307411
NUTRIMED BIOTECH,ITHACA,NY,UNITED STATES,1,50000
"NXI COMMUNICATIONS, INC.",SALT LAKE CITY,UT,UNITED STATES,1,371263
OAK RIDGE ASSOCIATED UNIVERSITIES,OAK RIDGE,TN,UNITED STATES,5,765124
OAKLAND UNIVERSITY,ROCHESTER,MI,UNITED STATES,17,2635026
OAKWOOD COLLEGE,HUNTSVILLE,AL,UNITED STATES,3,254945
OCCIDENTAL COLLEGE,LOS ANGELES,CA,UNITED STATES,1,89774
OGDEN BIOSERVICES CORPORATION,GAITHERSBURG,MD,UNITED STATES,50,7460771
OHIO UNIVERSITY ATHENS,ATHENS,OH,UNITED STATES,6,655161
OIL/CHEM & ATOMIC WORKERS INT'L AFL-CIO,LAKEWOOD,CO,UNITED STATES,2,2897526
OKLAHOMA BLOOD INSTIUTE,OKLAHOMA CITY,OK,UNITED STATES,1,247691
OKLAHOMA MEDICAL RESEARCH FOUNDATION,OKLAHOMA CITY,OK,UNITED STATES,39,5831996
OKLAHOMA STATE UNIVERSITY STILLWATER,STILLWATER,OK,UNITED STATES,10,1183747
OLD DOMINION UNIVERSITY,NORFOLK,VA,UNITED STATES,1,101051
OMNIGENE BIOPRODUCTS,CAMBRIDGE,MA,UNITED STATES,1,260937
ONCOLOGY NURSING SOCIETY,PITTSBURGH,PA,UNITED STATES,2,150508
"ONCOTECH, INC.",IRVINE,CA,UNITED STATES,2,100000
"ONCYTE, INC.",HOUSTON,TX,UNITED STATES,1,48260
"ONE CELL SYSTEMS, INC",CAMBRIDGE,MA,UNITED STATES,3,301718
ONYX PHARMACEUTICALS,RICHMOND,CA,UNITED STATES,3,977859
"OPHIDIAN PHARMACEUTICALS, INC.",MADISON,WI,UNITED STATES,1,49617
"OPTON, INC.",BOULDER,CO,UNITED STATES,1,328255
OREGON GRADUATE INSTITUTE SCIENCE & TECH,BEAVERTON,OR,UNITED STATES,13,1672000
OREGON MUSEUM OF SCIENCES AND INDUSTRY,PORTLAND,OR,UNITED STATES,1,124176
OREGON REGIONAL PRIMATE RESEARCH CENTER,BEAVERTON,OR,UNITED STATES,27,9654863
OREGON RESEARCH INSTITUTE,EUGENE,OR,UNITED STATES,17,5987239
"OREGON SOCIAL LEARNING CENTER, INC.",EUGENE,OR,UNITED STATES,6,4195847
OREGON STATE UNIVERSITY,CORVALLIS,OR,UNITED STATES,45,7521750
"ORGANIX, INC.",WOBURN,MA,UNITED STATES,1,291576
"ORGANIZATIONAL DYNAMICS, INC.",BURLINGTON,MA,UNITED STATES,1,100000
ORINCON CORPORATION,SAN DIEGO,CA,UNITED STATES,2,99775
ORKAND CORPORATION,SILVER SPRING,MD,UNITED STATES,2,885288
ORTHOLOGIC CORPORATION,TEMPE,AZ,UNITED STATES,2,100000
"OSI PHARMACEUTICALS, INC.",UNIONDALE,NY,UNITED STATES,13,2395436
"OXFORD BIOMEDICAL RESEARCH, INC.",OXFORD,MI,UNITED STATES,3,149888
"OXFORD COMPUTER, INC.",OXFORD,CT,UNITED STATES,1,146388
PACE UNIVERSITY NEW YORK,NEW YORK,NY,UNITED STATES,2,284761
"PACIFIC BIOMETRICS, INC.",LAKE FOREST,CA,UNITED STATES,1,241005
PACIFIC INSTITUTE FOR RES AND EVALUATION,ROCKVILLE,MD,UNITED STATES,11,6290655
PACIFIC NORTHWEST RESEARCH INSTITUTE,SEATTLE,WA,UNITED STATES,4,582962
PACIFIC TECHNOLOGIES,REDMOND,WA,UNITED STATES,1,243540
PAHO/BIREME,WASHINGTON,DC,UNITED STATES,1,0
PALO ALTO MEDICAL FOUNDATION RES INST,PALO ALTO,CA,UNITED STATES,7,1845650
"PANORAMA RESEARCH, INC.",MOUNTAIN VIEW,CA,UNITED STATES,9,851980
"PARACELSIAN, INC.",ITHACA,NY,UNITED STATES,1,45765
PARKINSON'S INSTITUTE,SUNNYVALE,CA,UNITED STATES,2,1412637
"PASADERO, INC.",TEMPE,AZ,UNITED STATES,2,99850
"PATHCO, INC.",POTOMAC,MD,UNITED STATES,2,300000
PATHOLOGY ASSOCIATES INTERNATIONAL CORP.,FREDERICK,MD,UNITED STATES,7,754905
PDT SYSTEMS,BUELLTON,CA,UNITED STATES,2,99999
PENNSYLVANIA COLLEGE OF OPTOMETRY,PHILADELPHIA,PA,UNITED STATES,5,442087
PENNSYLVANIA STATE DEPT OF HEALTH,HARRISBURG,PA,UNITED STATES,1,166416
PENNSYLVANIA STATE UNIV HERSHEY MED CTR,HERSHEY,PA,UNITED STATES,116,23323978
PENNSYLVANIA STATE UNIVERSITY-UNIV PARK,UNIVERSITY PARK,PA,UNITED STATES,113,18475010
PENROSE-ST. FRANCIS HEALTHCARE SYSTEM,COLORADO SPRINGS,CO,UNITED STATES,4,414980
"PERCEPTIVE SCIENTIFIC INSTRUMENTS, INC.",LEAGUE CITY,TX,UNITED STATES,2,99433
PERSONAL IMPROVEMENT COMPUTER SYSTEMS,RESTON,VA,UNITED STATES,1,192947
"PERSYST CONSULTING SERVICES, INC.",BELMAR,NJ,UNITED STATES,1,205000
"PHARMACEUTICAL PRODUCT DEVELOPMENT, INC.",WILMINGTON,NC,UNITED STATES,7,3480722
"PHARMACIA AND UPJOHN, INC.",KALAMAZOO,MI,UNITED STATES,2,511169
"PHARMAGENICS, INC.",ALLENDALE,NJ,UNITED STATES,1,50000
PHARMINGEN,SAN DIEGO,CA,UNITED STATES,2,100000
PHARMOS CORPORATION,ALACHUA,FL,UNITED STATES,2,357635
PHILADELPHIA BIOMEDICAL RESEARCH INST,KING OF PRUSSIA,PA,UNITED STATES,1,160650
PHILADELPHIA HEALTH MANAGEMENT CORP,PHILADELPHIA,PA,UNITED STATES,2,1237782
PHILANDER SMITH COLLEGE,LITTLE ROCK,AR,UNITED STATES,1,148924
PHOENIX SYSTEMS,ARLINGTON,VA,UNITED STATES,2,465000
"PHRASOR SCIENTIFIC, INC.",DUARTE,CA,UNITED STATES,2,398711
PHYSICAL OPTICS CORPORATION,TORRANCE,CA,UNITED STATES,2,99938
"PHYSICAL SCIENCES, INC",ANDOVER,MA,UNITED STATES,3,553373
PICOWER INSTITUTE FOR MEDICAL RESEARCH,MANHASSET,NY,UNITED STATES,9,1611747
PIMA COUNTY HEALTH DEPARTMENT,TUCSON,AZ,UNITED STATES,1,176625
PITZER COLLEGE,CLAREMONT,CA,UNITED STATES,1,189072
"PLEXON, INC.",DALLAS,TX,UNITED STATES,1,50000
"POLICY RESEARCH ASSOCIATES, INC.",DELMAR,NY,UNITED STATES,2,550640
"POLYMER TECHNOLOGY GROUP, INC.",EMERYVILLE,CA,UNITED STATES,4,752749
"POLYPROBE, INC.",MEDIA,PA,UNITED STATES,1,34010
POMONA COLLEGE,CLAREMONT,CA,UNITED STATES,2,197645
POPULATION COUNCIL,NEW YORK,NY,UNITED STATES,11,3096521
PORTER NOVELLI,WASHINGTON,DC,UNITED STATES,2,1590738
PORTLAND STATE UNIVERSITY,PORTLAND,OR,UNITED STATES,5,370752
"PRAXIS INTERNATIONAL, INC.",FRAMINGHAM,MA,UNITED STATES,1,55827
PRESBYTERIAN MEDICAL CENTER OF PHILA,PHILADELPHIA,PA,UNITED STATES,4,988604
PRESBYTERIAN-ST. LUKE'S MEDICAL CENTER,DENVER,CO,UNITED STATES,1,213770
PRIMATE FOUNDATION OF ARIZONA,MESA,AZ,UNITED STATES,1,690893
"PRINCETON SCIENTIFIC INSTRUMENTS, INC.",MONMOUTH JUNCTION,NJ,UNITED STATES,1,50000
PRINCETON UNIVERSITY,PRINCETON,NJ,UNITED STATES,102,16681101
PRO-ED,AUSTIN,TX,UNITED STATES,1,49438
"PROFESSIONAL MEDIA SERVICES, INC.",NEWTON,MA,UNITED STATES,1,388000
"PROFILE DIAGNOSTIC SCIENCES, INC.",NEW YORK,NY,UNITED STATES,1,48390
"PROGENICS PHARMACEUTICALS, INC.",TARRYTOWN,NY,UNITED STATES,1,212108
"PROGRAM RESOURCES, INC.",RESTON,VA,UNITED STATES,20,80756429
PROMEGA CORPORATION,MADISON,WI,UNITED STATES,1,73827
"PROSPECT ASSOCIATES, LTD.",SILVER SPRING,MD,UNITED STATES,22,8809309
PROTOTYPES,CULVER CITY,CA,UNITED STATES,1,661543
PROVIDENCE HOSPITAL (SOUTHFIELD),SOUTHFIELD,MI,UNITED STATES,1,91261
PROVIDENCE PORTLAND MEDICAL CENTER,PORTLAND,OR,UNITED STATES,2,449194
"PSYCHOLOGY SOFTWARE TOOLS, INC.",PITTSBURGH,PA,UNITED STATES,1,49118
PUBLIC HEALTH INSTITUTE,BERKELEY,CA,UNITED STATES,7,1119850
PUBLIC HEALTH RESEARCH INSTITUTE,NEW YORK,NY,UNITED STATES,20,4701410
"QUALITY BIOLOGICAL, INC.",GAITHERSBURG,MD,UNITED STATES,4,2888227
"QUALITY BIOTECH, INC.",CAMDEN,NJ,UNITED STATES,3,616204
QUANTEX CORPORATION,ROCKVILLE,MD,UNITED STATES,2,713852
"QUANTUM MAGNETICS, INC.",SAN DIEGO,CA,UNITED STATES,3,144643
QUANTUM RESEARCH CORPORATION,BETHESDA,MD,UNITED STATES,4,390418
QUANTUM RESEARCH SERVICES,DURHAM,NC,UNITED STATES,1,250026
QUEENS COLLEGE,NEW YORK,NY,UNITED STATES,8,1000252
QUESTCOR PHARMACEUTICALS,HAYWARD,CA,UNITED STATES,1,50000
RADIAN CORPORATION,AUSTIN,TX,UNITED STATES,4,256472
"RADIATION MONITORING DEVICES, INC.",WATERTOWN,MA,UNITED STATES,12,2218304
RANCHO LOS AMIGOS MEDICAL CENTER,DOWNEY,CA,UNITED STATES,3,244737
RAND CORPORATION,SANTA MONICA,CA,UNITED STATES,19,6021743
REDMON GROUP,ARLINGTON,VA,UNITED STATES,4,224985
REDOX PHARMACEUTICAL CORPORATION,GREENVALE,NY,UNITED STATES,1,50000
"REGEN BIOLOGICS, INC.",FRANKLIN LAKES,NJ,UNITED STATES,1,46472
REGIS UNIVERSITY,DENVER,CO,UNITED STATES,1,92145
REHABILITATION INSTITUTE OF CHICAGO,CHICAGO,IL,UNITED STATES,1,24998
REHABILITATION INSTITUTE RESEARCH CORP,CHICAGO,IL,UNITED STATES,6,676961
RELIABLE BIOPHARMACEUTICAL CORPORATION,ST. LOUIS,MO,UNITED STATES,2,100000
REMAC INFORMATION CORPORATION,GAITHERSBURG,MD,UNITED STATES,1,35814
RENSSELAER POLYTECHNIC INSTITUTE,TROY,NY,UNITED STATES,9,1160952
RESEARCH DEVELOPMENT CORPORATION,HERNDON,VA,UNITED STATES,1,243910
RESEARCH INSTITUTE ON ADDICTIONS,BUFFALO,NY,UNITED STATES,13,3345043
"RESEARCH MEDICAL, INC.",MIDVALE,UT,UNITED STATES,1,50000
"RESEARCH PUBLICATIONS, INC.",WOODBRIDGE,CT,UNITED STATES,3,365522
RESEARCH TRIANGLE INSTITUTE,RESEARCH TRIANGLE PARK,NC,UNITED STATES,81,21922792
"RESHET, INC.",EWING,NJ,UNITED STATES,1,49634
RETINA FOUNDATION OF THE SOUTHWEST,DALLAS,TX,UNITED STATES,4,492535
RHODE ISLAND HOSPITAL,PROVIDENCE,RI,UNITED STATES,23,4028495
RHODE ISLAND STATE DEPT OF HEALTH,PROVIDENCE,RI,UNITED STATES,4,1155160
RHONE-POULENC RORER GENCELL(RPR GENCELL),SANTA CLARA,CA,UNITED STATES,3,348238
"RICARDS INTERNATIONAL, INC",SILVER SPRING,MD,UNITED STATES,14,2097909
RICE UNIVERSITY,HOUSTON,TX,UNITED STATES,28,4097006
"RIEKE METALS, INC.",LINCOLN,NE,UNITED STATES,1,49940
RIVERSIDE RESEARCH INSTITUTE,NEW YORK,NY,UNITED STATES,5,1440206
RMC RESEARCH CORPORATION,PORTSMOUTH,NH,UNITED STATES,1,47584
ROCHE INSTITUTE OF MOLECULAR BIOLOGY,NUTLEY,NJ,UNITED STATES,1,48480
"ROCHE MOLECULAR SYSTEMS, INC.",ALAMEDA,CA,UNITED STATES,3,387756
ROCHESTER GENERAL HOSPITAL (NY),ROCHESTER,NY,UNITED STATES,1,87988
ROCHESTER INSTITUTE OF TECHNOLOGY,ROCHESTER,NY,UNITED STATES,1,800305
ROCKEFELLER UNIVERSITY,NEW YORK,NY,UNITED STATES,149,38076572
"ROCKLAND TECHNOLOGIES, INC.",NEWPORT,DE,UNITED STATES,1,50000
ROGER WILLIAMS HOSPITAL,PROVIDENCE,RI,UNITED STATES,14,3545788
ROSWELL PARK CANCER INSTITUTE,BUFFALO,NY,UNITED STATES,75,19216818
RSO RADIATION SERVICE ORGANIZATION,LAUREL,MD,UNITED STATES,1,265997
RUSH UNIVERSITY,CHICAGO,IL,UNITED STATES,5,746600
RUST COLLEGE,HOLLY SPRINGS,MS,UNITED STATES,3,313966
RUTGERS THE ST UNIV OF NJ NEW BRUNSWICK,NEW BRUNSWICK,NJ,UNITED STATES,98,20258948
RUTGERS THE STATE UNIV OF NJ CAMDEN,CAMDEN,NJ,UNITED STATES,1,124344
RUTGERS THE STATE UNIV OF NJ NEWARK,NEWARK,NJ,UNITED STATES,27,3351447
RUTLAND REGIONAL MEDICAL CENTER,RUTLAND,VT,UNITED STATES,1,153903
RVSI ACUITY CIMATRIX,NASHUA,NH,UNITED STATES,1,211749
SAINT LOUIS UNIVERSITY,ST. LOUIS,MO,UNITED STATES,85,16185576
SAINT MICHAEL'S MEDICAL CENTER,NEWARK,NJ,UNITED STATES,1,175368
SALFORD SYSTEMS,SAN DIEGO,CA,UNITED STATES,1,109160
SALK INSTITUTE FOR BIOLOGICAL STUDIES,SAN DIEGO,CA,UNITED STATES,112,26426073
"SAM TECHNOLOGY, INC.",SAN FRANCISCO,CA,UNITED STATES,3,924466
SAN ANTONIO METROPOLITAN HEALTH DISTRICT,SAN ANTONIO,TX,UNITED STATES,1,527984
SAN DIEGO STATE UNIVERSITY,SAN DIEGO,CA,UNITED STATES,44,6538957
SAN FRANCISCO STATE UNIVERSITY,SAN FRANCISCO,CA,UNITED STATES,6,650228
SAN JOSE STATE UNIVERSITY,SAN JOSE,CA,UNITED STATES,4,1198575
"SANAD SUPPORT TECHNOLOGIES, INC.",ROCKVILLE,MD,UNITED STATES,3,31374
SANTA FE INSTITUTE,SANTA FE,NM,UNITED STATES,4,293887
"SAS INSTITUTE, INC.",CARY,NC,UNITED STATES,1,486703
SAVANTES,DURHAM,NC,UNITED STATES,1,155320
"SBS, INC.",LINCOLN,NE,UNITED STATES,1,213121
SCHEPENS EYE RESEARCH INSTITUTE,BOSTON,MA,UNITED STATES,30,6354348
SCHONBERG RADIATION CORPORATION,SANTA CLARA,CA,UNITED STATES,1,220427
"SCHRODINGER, INC.",PORTLAND,OR,UNITED STATES,1,250000
"SCHULMAN, RONCA AND BUCURALAS, INC.",NEW YORK,NY,UNITED STATES,2,27601
"SCHWARTZ ELECTRO-OPTICS, INC.",ORLANDO,FL,UNITED STATES,2,530706
SCIENCE APPLICATIONS INTERNATIONAL CORP,MC LEAN,VA,UNITED STATES,4,393353
"SCIENCE RESEARCH LABORATORY, INC.",SOMERVILLE,MA,UNITED STATES,4,612161
SCIENTIFIC ANALYSIS CORPORATION,SAN FRANCISCO,CA,UNITED STATES,6,1681010
SCIENTIFIC AND COMMERCIAL SYSTEMS CORP,FALLS CHURCH,VA,UNITED STATES,4,891510
"SCIENTIFIC CONSULTING GROUP, INC.",GAITHERSBURG,MD,UNITED STATES,1,324722
"SCIENTIFIC SOCIAL RESEARCH, INC.",NORMAN,OK,UNITED STATES,1,163294
"SCIENTIFIC SOLUTIONS, INC.",FAYETTEVILLE,NY,UNITED STATES,1,47718
SCOTT AND WHITE MEMORIAL HOSPITAL,TEMPLE,TX,UNITED STATES,2,299918
SCRIPPS RESEARCH INSTITUTE,SAN DIEGO,CA,UNITED STATES,295,74767725
"SEA PHARMACEUTICAL SCIENCES, INC.",AUSTIN,TX,UNITED STATES,1,202381
SEATTLE BIOMEDICAL RESEARCH INSTITUTE,SEATTLE,WA,UNITED STATES,15,2934587
SEATTLE-KING COUNTY PUBLIC HEALTH DEPT,SEATTLE,WA,UNITED STATES,2,1137381
"SECRETECH, INC.",BIRMINGHAM,AL,UNITED STATES,7,513196
SEIU EDUCATION AND SUPPORT FUND,WASHINGTON,DC,UNITED STATES,1,628140
"SELECTIVE GENETICS, INC.",SAN DIEGO,CA,UNITED STATES,1,46453
SELMA UNIVERSITY,SELMA,AL,UNITED STATES,1,257705
"SEMA, INC.",ROCKVILLE,MD,UNITED STATES,2,543289
SENSIMETRICS CORPORATION,SOMERVILLE,MA,UNITED STATES,3,577952
"SENSOR SYSTEMS, INC.",STERLING,VA,UNITED STATES,3,50000
SENTEC CORPORATION,WALLED LAKE,MI,UNITED STATES,1,212670
"SENTIENT SYSTEMS, INC.",KENSINGTON,MD,UNITED STATES,10,1148343
SETON HALL UNIVERSITY,SOUTH ORANGE,NJ,UNITED STATES,6,607173
SHEPHERD CENTER,ATLANTA,GA,UNITED STATES,1,103253
SIDNEY KIMMEL CANCER CENTER,SAN DIEGO,CA,UNITED STATES,8,1831011
SIERRA BIOMEDICAL RESEARCH CORPORATION,RENO,NV,UNITED STATES,4,709863
SIGMA-ALDRICH RESEARCH BIOCHEMICAL,NATICK,MA,UNITED STATES,6,500093
"SIGN MEDIA, INC.",BURTONSVILLE,MD,UNITED STATES,1,286602
SIMMONS COLLEGE,BOSTON,MA,UNITED STATES,1,444522
SIMONSEN LABORATORIES,GILROY,CA,UNITED STATES,4,370000
"SIMULATION RESOURCES, INC.",REDLANDS,CA,UNITED STATES,1,238842
SINAI HOSPITAL OF BALTIMORE,BALTIMORE,MD,UNITED STATES,2,225787
SINAI HOSPITAL OF DETROIT,DETROIT,MI,UNITED STATES,2,173404
SINAI SAMARITAN MEDICAL CENTER,MILWAUKEE,WI,UNITED STATES,4,733761
SKD SYSTEMS CORPORATION,ROCKVILLE,MD,UNITED STATES,1,49994
SKYLINE GOVERNMENT SERVICES CORPORATION,FALLS CHURCH,VA,UNITED STATES,1,71031
SLOAN-KETTERING INSTITUTE FOR CANCER RES,NEW YORK,NY,UNITED STATES,152,46963698
SMITH COLLEGE,NORTHAMPTON,MA,UNITED STATES,1,93931
SMITH-KETTLEWELL EYE RESEARCH INSTITUTE,SAN FRANCISCO,CA,UNITED STATES,13,2898677
SMITHSONIAN INSTITUTION,WASHINGTON,DC,UNITED STATES,3,459994
"SOCIAL AND SCIENTIFIC SYSTEMS, INC.",BETHESDA,MD,UNITED STATES,9,5114242
"SOCIAL AND SCIENTIFIC SYSTEMS, INC.",SILVER SPRING,MD,UNITED STATES,1,91156
SOCIETAL INSTITUTE OF THE MATH SCIENCES,NEW CANAAN,CT,UNITED STATES,1,890058
SOCIETY FOR NEUROSCIENCE,WASHINGTON,DC,UNITED STATES,3,193796
SOCIETY FOR THE ADV CHICANOS/NATIVE AMER,SANTA CRUZ,CA,UNITED STATES,1,171398
SOCIETY FOR THE STUDY OF REPRODUCTION,MADISON,WI,UNITED STATES,1,13986
SOCIETY OF TOXICOLOGY,RESTON,VA,UNITED STATES,1,27218
SOCIOMETRICS CORPORATION,LOS ALTOS,CA,UNITED STATES,10,597932
"SOLOHILL ENGINEERING, INC.",ANN ARBOR,MI,UNITED STATES,1,50000
"SOLON CONSULTING GROUP, LTD.",SILVER SPRING,MD,UNITED STATES,2,283363
SONIC TECHNOLOGIES,HORSHAM,PA,UNITED STATES,1,198950
"SONICSTAR INTERNATIONAL, LTD.",JAMESTOWN,NY,UNITED STATES,2,99501
"SOURCE SIGNAL IMAGING, INC.",SAN DIEGO,CA,UNITED STATES,1,50000
SOUTH CAROLINA STATE DEPT OF HLTH/ENV,COLUMBIA,SC,UNITED STATES,4,942364
SOUTH DAKOTA STATE UNIVERSITY,BROOKINGS,SD,UNITED STATES,1,105000
SOUTHEAST CANCER CONTROL CONSORTIUM,WINSTON-SALEM,NC,UNITED STATES,1,648433
SOUTHEASTERN OKLAHOMA STATE UNIVERSITY,DURANT,OK,UNITED STATES,2,337774
SOUTHERN COLLEGE OF OPTOMETRY,MEMPHIS,TN,UNITED STATES,1,62632
SOUTHERN CONNECTICUT STATE UNIVERSITY,NEW HAVEN,CT,UNITED STATES,1,48583
SOUTHERN ILLINOIS UNIVERSITY CARBONDALE,CARBONDALE,IL,UNITED STATES,20,1843360
SOUTHERN METHODIST UNIVERSITY,DALLAS,TX,UNITED STATES,8,854307
SOUTHERN NEVADA CANCER RESEARCH FDN,LAS VEGAS,NV,UNITED STATES,1,137036
SOUTHERN RESEARCH INSTITUTE,BIRMINGHAM,AL,UNITED STATES,74,13221881
SOUTHERN UNIV A&M COL BATON ROUGE,BATON ROUGE,LA,UNITED STATES,4,1253880
SOUTHWEST FOUNDATION FOR BIOMEDICAL RES,SAN ANTONIO,TX,UNITED STATES,36,11573303
SOUTHWEST GEORGIA AREA HLTH EDUC CENTER,ALBANY,GA,UNITED STATES,1,94422
SPARTANBURG REGIONAL MEDICAL CENTER,SPARTANBURG,SC,UNITED STATES,1,184882
"SPECIALTY LABORATORIES, INC.",SANTA MONICA,CA,UNITED STATES,1,123579
"SPECTRUM SYSTEMS, INC.",SPOKANE,WA,UNITED STATES,1,49269
SPELMAN COLLEGE,ATLANTA,GA,UNITED STATES,1,536383
SPIRE CORPORATION,BEDFORD,MA,UNITED STATES,7,629372
SPRING VALLEY LABORATORIES,SYKESVILLE,MD,UNITED STATES,4,1135596
SPRINGFIELD COLLEGE,SPRINGFIELD,MA,UNITED STATES,1,129539
"SRA TECHNOLOGIES, INC.",FALLS CHURCH,VA,UNITED STATES,7,608075
SRI INTERNATIONAL,MENLO PARK,CA,UNITED STATES,55,10508642
"ST. FRANCIS HOSP/MED CTR (HARTFORD, CT)",HARTFORD,CT,UNITED STATES,4,446956
"ST. FRANCIS HOSPITAL (TULSA, OK)",TULSA,OK,UNITED STATES,1,217772
ST. FRANCIS REGIONAL MEDICAL CENTER,WICHITA,KS,UNITED STATES,1,459805
ST. JOHN'S MERCY MEDICAL CENTER,ST. LOUIS,MO,UNITED STATES,1,206989
ST. JOHN'S REGIONAL HEALTH CENTER,SPRINGFIELD,MO,UNITED STATES,1,161475
ST. JOHN'S UNIVERSITY,NEW YORK,NY,UNITED STATES,9,900744
ST. JOSEPH HOSPITAL AND HEALTH CENTER,CHICAGO,IL,UNITED STATES,8,1075562
"ST. JOSEPH MEDICAL CENTER (TOWSON, MD)",TOWSON,MD,UNITED STATES,1,60120
ST. JOSEPH'S HOSP/MED CTR (PHOENIX),PHOENIX,AZ,UNITED STATES,15,3356944
ST. JOSEPH'S HOSPITAL,ATLANTA,GA,UNITED STATES,1,168746
ST. JUDE CHILDREN'S RESEARCH HOSPITAL,MEMPHIS,TN,UNITED STATES,77,18924276
ST. LUKE'S HOSPITALS-MERITCARE,FARGO,ND,UNITED STATES,1,216561
ST. LUKE'S ROOSEVELT HOSP CTR (NEW YORK),NEW YORK,NY,UNITED STATES,4,1484231
ST. LUKE'S-ROOSEVELT INST FOR HLTH SCIS,NEW YORK,NY,UNITED STATES,22,6057737
ST. MARY'S COLLEGE OF MARYLAND,ST. MARY'S CITY,MD,UNITED STATES,1,133717
ST. MARY'S UNIVERSITY,SAN ANTONIO,TX,UNITED STATES,3,498128
ST. OLAF COLLEGE,NORTHFIELD,MN,UNITED STATES,1,23270
ST. PATRICK HOSPITAL,MISSOULA,MT,UNITED STATES,1,10567
ST. VINCENT MEDICAL CENTER,LOS ANGELES,CA,UNITED STATES,1,123344
"STANDARD SCIENTIFICS, INC.",NEEDHAM,MA,UNITED STATES,1,219022
STANFORD UNIVERSITY,STANFORD,CA,UNITED STATES,533,129014581
STARKS ASSOCIATES,BUFFALO,NY,UNITED STATES,6,2089742
STATE COLLEGE OF OPTOMETRY,NEW YORK,NY,UNITED STATES,3,197266
"STATE OF THE ART, INC.",WASHINGTON,DC,UNITED STATES,2,98222
STATE UNIVERSITY NEW YORK BINGHAMTON,BINGHAMTON,NY,UNITED STATES,15,1268242
STATE UNIVERSITY NEW YORK STONY BROOK,STONY BROOK,NY,UNITED STATES,189,35213545
STATE UNIVERSITY OF NEW YORK AT ALBANY,ALBANY,NY,UNITED STATES,33,7354289
STATE UNIVERSITY OF NEW YORK AT BUFFALO,BUFFALO,NY,UNITED STATES,161,25623752
STATISTICS AND EPIDEMIOLOGY RES CORP,SEATTLE,WA,UNITED STATES,3,515045
STILLMAN COLLEGE,TUSCALOOSA,AL,UNITED STATES,3,327404
STIRLING TECHNOLOGY COMPANY,RICHLAND,WA,UNITED STATES,1,396282
STOECKER & ASSOCIATES,ROLLA,MO,UNITED STATES,1,49981
STOKES IMAGING SERVICES,AUSTIN,TX,UNITED STATES,1,4970
STRATACYTE CORPORATION,SAN DIEGO,CA,UNITED STATES,1,50000
STRATAGENE,SAN DIEGO,CA,UNITED STATES,12,976401
SUN HEALTH RESEARCH INSTITUTE,SUN CITY,AZ,UNITED STATES,2,447762
"SUPERMARKET COMMUNICATION SYSTEMS, INC.",NORWALK,CT,UNITED STATES,3,70000
"SURGICAL NAVIGATION TECHNOLOGIES, INC.",BROOMFIELD,CO,UNITED STATES,1,50000
"SURMODICS, INC.",EDEN PRAIRIE,MN,UNITED STATES,7,882026
SURVEY RESEARCH ASSOCIATES,BALTIMORE,MD,UNITED STATES,11,3558738
SUSQUEHANNA UNIVERSITY,SELINSGROVE,PA,UNITED STATES,1,114831
SYLVEST MANAGEMENT SYSTEMS CORPORATION,LANHAM,MD,UNITED STATES,10,824260
"SYMBIOTECH, INC.",WALLINGFORD,CT,UNITED STATES,2,356744
SYNAPTIC PHARMACEUTICAL CORPORATION,PARAMUS,NJ,UNITED STATES,3,150000
"SYNCHROCELL, INC.",MANHATTAN,KS,UNITED STATES,3,150000
"SYNTEX (USA), INC.-RESEARCH DIVISION",PALO ALTO,CA,UNITED STATES,7,925253
"SYNTHETIC TECHNOLOGY CORPORATION, INC.",HONOLULU,HI,UNITED STATES,1,31442
SYRACUSE RESEARCH CORPORATION,SYRACUSE,NY,UNITED STATES,3,106892
SYRACUSE UNIVERSITY AT SYRACUSE,SYRACUSE,NY,UNITED STATES,36,6512102
"SYSTEMIX, INC.",PALO ALTO,CA,UNITED STATES,2,280770
"SYSTEX, INC.",BELTSVILLE,MD,UNITED STATES,7,502257
"T. HEAD AND COMPANY, INC.",HERNDON,VA,UNITED STATES,5,1961950
"TACONIC FARMS, INC.",GERMANTOWN,NY,UNITED STATES,2,494124
TALLADEGA COLLEGE,TALLADEGA,AL,UNITED STATES,4,576383
TAMPA BAY RESEARCH INSTITUTE,SAINT PETERSBURG,FL,UNITED STATES,1,222793
"TASCON, INC.",ROCKVILLE,MD,UNITED STATES,11,908015
TCW PHARMACEUTICAL CORPORATION,CUPERTINO,CA,UNITED STATES,1,250000
"TECHLAB, INC.",BLACKSBURG,VA,UNITED STATES,1,36915
"TECHNICAL RESEARCH ASSOCIATES, INC.",SALT LAKE CITY,UT,UNITED STATES,2,294591
"TECHNICAL RESOURCES INTERNATIONAL, INC.",ROCKVILLE,MD,UNITED STATES,12,2797879
"TECHNOLOGY ASSESSMENT AND TRANSFER, INC.",ANNAPOLIS,MD,UNITED STATES,2,165432
"TECHNOVIEW, INC.",NEWPORT BEACH,CA,UNITED STATES,1,49991
"TECMAG, INC.",HOUSTON,TX,UNITED STATES,1,283850
TELE SEC,KENSINGTON,MD,UNITED STATES,1,186224
TELEFACTOR CORPORATION,WEST CONSHOHOCKEN,PA,UNITED STATES,1,50000
TELENET COMMUNICATIONS CORPORATION,RESTON,VA,UNITED STATES,2,302000
"TELIOS PHARMACEUTICALS, INC.",SAN DIEGO,CA,UNITED STATES,1,287000
TEMPLE UNIVERSITY,PHILADELPHIA,PA,UNITED STATES,117,21225949
TENNESSEE STATE DEPARTMENT OF HEALTH,NASHVILLE,TN,UNITED STATES,1,203816
TENNESSEE STATE UNIVERSITY,NASHVILLE,TN,UNITED STATES,4,1044276
TENNESSEE TECHNOLOGICAL UNIVERSITY,COOKEVILLE,TN,UNITED STATES,1,78987
TETRAD CORPORATION,ENGLEWOOD,CO,UNITED STATES,1,258309
TEXAS A&M UNIVERSITY HEALTH SCIENCE CTR,COLLEGE STATION,TX,UNITED STATES,106,15416140
TEXAS A&M UNIVERSITY SYSTEM,COLLEGE STATION,TX,UNITED STATES,2,258271
TEXAS BIOTECHNOLOGY CORPORATION,HOUSTON,TX,UNITED STATES,1,198944
TEXAS CENTER FOR INFECTIOUS DISEASE,SAN ANTONIO,TX,UNITED STATES,1,170627
TEXAS CHRISTIAN UNIVERSITY,FORT WORTH,TX,UNITED STATES,5,1497396
TEXAS SOUTHERN UNIVERSITY,HOUSTON,TX,UNITED STATES,11,2614834
TEXAS STATE DEPARTMENT OF HEALTH,AUSTIN,TX,UNITED STATES,2,391863
TEXAS TECH UNIVERSITY,LUBBOCK,TX,UNITED STATES,5,370434
TEXAS TECH UNIVERSITY HEALTH SCIS CENTER,LUBBOCK,TX,UNITED STATES,20,2148088
TEXAS WOMAN'S UNIVERSITY,DENTON,TX,UNITED STATES,3,418159
"THE ADVERTISING COUNCIL, INC.",NEW YORK,NY,UNITED STATES,1,0
THE CENTECH GROUP,ARLINGTON,VA,UNITED STATES,5,647004
THE EYE INSTITUTE,ST. LOUIS,MO,UNITED STATES,8,1417718
"THEOBALD SMITH RESEARCH INSTITUTE, INC.",BOSTON,MA,UNITED STATES,2,700000
"THERADEX SYSTEMS, INC.",PRINCETON,NJ,UNITED STATES,3,1842700
THERION BIOLOGICS CORPORATION,CAMBRIDGE,MA,UNITED STATES,3,1318693
"THERMAL TECHNOLOGIES, INC.",CAMBRIDGE,MA,UNITED STATES,2,497511
"THERMOGEN, INC.",CHICAGO,IL,UNITED STATES,2,372362
THIRD WAVE TECHNOLOGIES,MONROVIA,CA,UNITED STATES,1,49200
THOMAS JEFFERSON UNIVERSITY,PHILADELPHIA,PA,UNITED STATES,163,37741516
THROMBO DIAGNOSTIC,HOUSTON,TX,UNITED STATES,1,257632
"TIDEWATER CONSULTANTS, INC.",ARLINGTON,VA,UNITED STATES,1,223019
TIRR,HOUSTON,TX,UNITED STATES,2,331409
TISSUE CULTURE ASSOCIATION,COLUMBIA,MD,UNITED STATES,1,12305
TORREY PINES INST FOR MOLECULAR STUDIES,SAN DIEGO,CA,UNITED STATES,1,106957
TOTTS GAP MEDICAL RESEARCH LABORATORIES,BANGOR,PA,UNITED STATES,1,183551
TOUGALOO COLLEGE,TOUGALOO,MS,UNITED STATES,3,493400
TRANSNATIONAL FAMILY RESEARCH INSTITUTE,BETHESDA,MD,UNITED STATES,1,121068
TRANSYLVANIA UNIVERSITY,LEXINGTON,KY,UNITED STATES,1,104778
TRINITY UNIVERSITY,SAN ANTONIO,TX,UNITED STATES,5,463099
"TRITECH RESEARCH, INC.",LOS ANGELES,CA,UNITED STATES,1,49990
"TRUDEAU INSTITUTE, INC.",SARANAC LAKE,NY,UNITED STATES,11,1848868
"TSRL, INC.",ANN ARBOR,MI,UNITED STATES,2,468549
TUFTS UNIVERSITY BOSTON,BOSTON,MA,UNITED STATES,134,25828827
TUFTS UNIVERSITY MEDFORD,MEDFORD,MA,UNITED STATES,11,1931173
TUSKEGEE UNIVERSITY,TUSKEGEE INSTITUTE,AL,UNITED STATES,6,2648363
"TWENTY-FIRST CENTURY ONCOLOGY, INC.",CAPE CORAL,FL,UNITED STATES,1,27304
U.S. CENTERS FOR DISEASE CONTROL & PREV,ATLANTA,GA,UNITED STATES,1,850
U.S. CENTERS FOR DISEASE CONTROL & PREV,FORT COLLINS,CO,UNITED STATES,1,850
U.S. FOGARTY INTERNATIONAL CENTER,BETHESDA,MD,UNITED STATES,11,269640
U.S. NATIONAL INST ALLERGY & INFECT DIS,BETHESDA,MD,UNITED STATES,2,64500
U.S. NATIONAL INST OF ENVIRON HLTH SCIS,RESEARCH TRIANGLE PARK,NC,UNITED STATES,3,75600
U.S. NATIONAL INST/CHILD HLTH/HUMAN DEV,BETHESDA,MD,UNITED STATES,11,282797
U.S. NATIONAL INSTITUTES OF HEALTH,BETHESDA,MD,UNITED STATES,16,448965
U.S. PHS ALASKA NATIVE MED CTR(ANCHORAG),ANCHORAGE,AK,UNITED STATES,1,380564
U.S. PHS INDIAN HEALTH SERVICE,ABERDEEN,SD,UNITED STATES,3,890986
U.S. UNIFORMED SERVICES UNIV OF HLTH SCI,BETHESDA,MD,UNITED STATES,4,894561
"UGM MEDICAL SYSTEMS, INC.",PHILADELPHIA,PA,UNITED STATES,1,50000
UNICON RESEARCH CORPORATION,SANTA MONICA,CA,UNITED STATES,4,289917
"UNITED BIOMEDICAL, INC.",HAUPPAUGE,NY,UNITED STATES,1,218875
"UNITED INFORMATION SYSTEMS, INC.",BETHESDA,MD,UNITED STATES,2,251942
UNITED STATES CONTROL SYSTEMS CORP,WEST PALM BEACH,FL,UNITED STATES,2,509511
UNIV OF MED/DENT NJ NEWARK,NEWARK,NJ,UNITED STATES,94,21437480
UNIV OF MED/DENT NJ-R W JOHNSON MED SCH,PISCATAWAY,NJ,UNITED STATES,102,18239078
UNIV OF MED/DENT NJ-SCH OSTEOPATHIC MED,STRATFORD,NJ,UNITED STATES,5,632441
"UNIVERSAL HI-TECH DEVELOPMENT, INC.",ROCKVILLE,MD,UNITED STATES,7,1018315
UNIVERSITIES ASSOC RES & ED IN PATH,BETHESDA,MD,UNITED STATES,1,284329
UNIVERSITY CITY SCIENCE CENTER,PHILADELPHIA,PA,UNITED STATES,10,3242887
UNIVERSITY MEDICAL ASSOCIATES,LOUISVILLE,KY,UNITED STATES,1,100007
UNIVERSITY OF AKRON,AKRON,OH,UNITED STATES,6,692855
UNIVERSITY OF ALABAMA AT BIRMINGHAM,BIRMINGHAM,AL,UNITED STATES,429,85308357
UNIVERSITY OF ALABAMA IN HUNTSVILLE,HUNTSVILLE,AL,UNITED STATES,2,127622
UNIVERSITY OF ALABAMA IN TUSCALOOSA,TUSCALOOSA,AL,UNITED STATES,17,1729321
UNIVERSITY OF ALASKA ANCHORAGE,ANCHORAGE,AK,UNITED STATES,4,1070355
UNIVERSITY OF ALASKA FAIRBANKS,FAIRBANKS,AK,UNITED STATES,7,559243
UNIVERSITY OF ARIZONA,TUCSON,AZ,UNITED STATES,253,53732383
UNIVERSITY OF ARKANSAS AT FAYETTEVILLE,FAYETTEVILLE,AR,UNITED STATES,6,593680
UNIVERSITY OF ARKANSAS AT LITTLE ROCK,LITTLE ROCK,AR,UNITED STATES,3,1233749
UNIVERSITY OF ARKANSAS AT PINE BLUFF,PINE BLUFF,AR,UNITED STATES,3,620438
UNIVERSITY OF ARKANSAS MED SCIS LTL ROCK,LITTLE ROCK,AR,UNITED STATES,73,11104715
UNIVERSITY OF CALIF-LAWRENC BERKELEY LAB,BERKELEY,CA,UNITED STATES,33,10106577
UNIVERSITY OF CALIF-LAWRNC LVRMR NAT LAB,LIVERMORE,CA,UNITED STATES,5,2137034
UNIVERSITY OF CALIF-LOS ALAMOS NAT LAB,LOS ALAMOS,NM,UNITED STATES,25,6918095
UNIVERSITY OF CALIFORNIA BERKELEY,BERKELEY,CA,UNITED STATES,290,56555056
UNIVERSITY OF CALIFORNIA DAVIS,DAVIS,CA,UNITED STATES,253,51067074
UNIVERSITY OF CALIFORNIA IRVINE,IRVINE,CA,UNITED STATES,199,38125183
UNIVERSITY OF CALIFORNIA LOS ANGELES,LOS ANGELES,CA,UNITED STATES,618,145989603
UNIVERSITY OF CALIFORNIA RIVERSIDE,RIVERSIDE,CA,UNITED STATES,52,7341940
UNIVERSITY OF CALIFORNIA SAN DIEGO,SAN DIEGO,CA,UNITED STATES,530,129589439
UNIVERSITY OF CALIFORNIA SAN FRANCISCO,SAN FRANCISCO,CA,UNITED STATES,758,186409720
UNIVERSITY OF CALIFORNIA SANTA BARBARA,SANTA BARBARA,CA,UNITED STATES,37,6150957
UNIVERSITY OF CALIFORNIA SANTA CRUZ,SANTA CRUZ,CA,UNITED STATES,36,5707439
UNIVERSITY OF CHICAGO,CHICAGO,IL,UNITED STATES,325,74472273
UNIVERSITY OF CINCINNATI COLLEGE OF MED,CINCINNATI,OH,UNITED STATES,170,42344901
UNIVERSITY OF COLORADO AT BOULDER,BOULDER,CO,UNITED STATES,108,19022665
UNIVERSITY OF CONNECTICUT SCH OF MED/DNT,FARMINGTON,CT,UNITED STATES,118,24720729
UNIVERSITY OF CONNECTICUT STORRS,STORRS,CT,UNITED STATES,29,4257233
UNIVERSITY OF DELAWARE,NEWARK,DE,UNITED STATES,15,2789660
UNIVERSITY OF DENVER,DENVER,CO,UNITED STATES,24,2384909
UNIVERSITY OF DETROIT MERCY,DETROIT,MI,UNITED STATES,1,45753
UNIVERSITY OF FLORIDA,GAINESVILLE,FL,UNITED STATES,267,41825427
UNIVERSITY OF GEORGIA,ATHENS,GA,UNITED STATES,81,11924738
UNIVERSITY OF HARTFORD,WEST HARTFORD,CT,UNITED STATES,1,103197
UNIVERSITY OF HAWAII AT HILO,HILO,HI,UNITED STATES,2,283898
UNIVERSITY OF HAWAII AT MANOA,HONOLULU,HI,UNITED STATES,55,13959939
UNIVERSITY OF IDAHO,MOSCOW,ID,UNITED STATES,6,549044
UNIVERSITY OF ILLINOIS AT CHICAGO,CHICAGO,IL,UNITED STATES,18,2193561
UNIVERSITY OF ILLINOIS URBANA-CHAMPAIGN,CHAMPAIGN,IL,UNITED STATES,153,22543715
UNIVERSITY OF IOWA,IOWA CITY,IA,UNITED STATES,341,76784903
UNIVERSITY OF KANSAS LAWRENCE,LAWRENCE,KS,UNITED STATES,48,7494370
UNIVERSITY OF KANSAS MEDICAL CENTER,KANSAS CITY,KS,UNITED STATES,98,17108066
UNIVERSITY OF KENTUCKY,LEXINGTON,KY,UNITED STATES,189,27668066
UNIVERSITY OF LOUISVILLE,LOUISVILLE,KY,UNITED STATES,43,5468593
UNIVERSITY OF MAINE,ORONO,ME,UNITED STATES,6,683175
UNIVERSITY OF MARYLAND BALT CO CAMPUS,CATONSVILLE,MD,UNITED STATES,13,1850231
UNIVERSITY OF MARYLAND BALT PROF SCHOOL,BALTIMORE,MD,UNITED STATES,261,45699185
UNIVERSITY OF MARYLAND COLLEGE PK CAMPUS,COLLEGE PARK,MD,UNITED STATES,58,6672764
UNIVERSITY OF MARYLAND EASTERN SHORE,PRINCESS ANNE,MD,UNITED STATES,2,383672
UNIVERSITY OF MARYLAND UNIVERSITY COLL,COLLEGE PARK,MD,UNITED STATES,1,14411
UNIVERSITY OF MASSACHUSETTS AMHERST,AMHERST,MA,UNITED STATES,50,5636538
UNIVERSITY OF MASSACHUSETTS BOSTON,BOSTON,MA,UNITED STATES,7,1033876
UNIVERSITY OF MASSACHUSETTS DARTMOUTH,NORTH DARTMOUTH,MA,UNITED STATES,1,109864
UNIVERSITY OF MASSACHUSETTS LOWELL,LOWELL,MA,UNITED STATES,7,1278440
UNIVERSITY OF MD BIOTECHNOLOGY INSTITUTE,BALTIMORE,MD,UNITED STATES,5,562550
UNIVERSITY OF MEMPHIS,MEMPHIS,TN,UNITED STATES,16,2658658
UNIVERSITY OF MIAMI CORAL GABLES,CORAL GABLES,FL,UNITED STATES,19,3605576
UNIVERSITY OF MICHIGAN AT ANN ARBOR,ANN ARBOR,MI,UNITED STATES,705,156258567
UNIVERSITY OF MICHIGAN AT DEARBORN,DEARBORN,MI,UNITED STATES,1,11800
UNIVERSITY OF MINNESOTA DULUTH,DULUTH,MN,UNITED STATES,7,319340
UNIVERSITY OF MINNESOTA TWIN CITIES,MINNEAPOLIS,MN,UNITED STATES,546,107730149
UNIVERSITY OF MISSISSIPPI,UNIVERSITY,MS,UNITED STATES,13,1309434
UNIVERSITY OF MISSISSIPPI MEDICAL CENTER,JACKSON,MS,UNITED STATES,43,7301594
UNIVERSITY OF MISSOURI COLUMBIA,COLUMBIA,MO,UNITED STATES,116,13435912
UNIVERSITY OF MISSOURI KANSAS CITY,KANSAS CITY,MO,UNITED STATES,23,3698578
UNIVERSITY OF MISSOURI-ST. LOUIS,ST. LOUIS,MO,UNITED STATES,5,783399
UNIVERSITY OF MONTANA,MISSOULA,MT,UNITED STATES,9,978416
UNIVERSITY OF NEBRASKA LINCOLN,LINCOLN,NE,UNITED STATES,30,3510880
UNIVERSITY OF NEBRASKA MEDICAL CENTER,OMAHA,NE,UNITED STATES,88,12165708
UNIVERSITY OF NEBRASKA OMAHA,OMAHA,NE,UNITED STATES,1,49920
UNIVERSITY OF NEVADA LAS VEGAS,LAS VEGAS,NV,UNITED STATES,5,406226
UNIVERSITY OF NEVADA RENO,RENO,NV,UNITED STATES,34,5458616
UNIVERSITY OF NEW HAMPSHIRE,DURHAM,NH,UNITED STATES,14,2011388
UNIVERSITY OF NEW MEXICO,ALBUQUERQUE,NM,UNITED STATES,104,16600237
UNIVERSITY OF NORTH CAROLINA AT PEMBROKE,PEMBROKE,NC,UNITED STATES,1,163369
UNIVERSITY OF NORTH CAROLINA CHAPEL HILL,CHAPEL HILL,NC,UNITED STATES,541,116979851
UNIVERSITY OF NORTH CAROLINA GREENSBORO,GREENSBORO,NC,UNITED STATES,6,462880
UNIVERSITY OF NORTH CAROLINA WILMINGTON,WILMINGTON,NC,UNITED STATES,3,173160
UNIVERSITY OF NORTH DAKOTA,GRAND FORKS,ND,UNITED STATES,10,1239064
UNIVERSITY OF NORTH FLORIDA,JACKSONVILLE,FL,UNITED STATES,1,197598
UNIVERSITY OF NORTH TEXAS HLTH SCI CTR,FORT WORTH,TX,UNITED STATES,32,3958101
UNIVERSITY OF OKLAHOMA HLTH SCIENCES CTR,OKLAHOMA CITY,OK,UNITED STATES,82,10482987
UNIVERSITY OF OKLAHOMA NORMAN,NORMAN,OK,UNITED STATES,18,2542582
UNIVERSITY OF OREGON,EUGENE,OR,UNITED STATES,65,9764964
UNIVERSITY OF PENNSYLVANIA,PHILADELPHIA,PA,UNITED STATES,630,146907446
UNIVERSITY OF PITTSBURGH AT PITTSBURGH,PITTSBURGH,PA,UNITED STATES,505,128655306
UNIVERSITY OF RHODE ISLAND,KINGSTON,RI,UNITED STATES,14,3557217
UNIVERSITY OF ROCHESTER,ROCHESTER,NY,UNITED STATES,331,71390412
UNIVERSITY OF SAN DIEGO,SAN DIEGO,CA,UNITED STATES,1,262414
UNIVERSITY OF SAN FRANCISCO,SAN FRANCISCO,CA,UNITED STATES,1,394491
UNIVERSITY OF SOUTH ALABAMA,MOBILE,AL,UNITED STATES,44,7359847
UNIVERSITY OF SOUTH CAROLINA AT COLUMBIA,COLUMBIA,SC,UNITED STATES,53,5850959
UNIVERSITY OF SOUTH DAKOTA,VERMILLION,SD,UNITED STATES,6,369297
UNIVERSITY OF SOUTHERN CALIFORNIA,LOS ANGELES,CA,UNITED STATES,281,81477509
UNIVERSITY OF SOUTHERN MISSISSIPPI,HATTIESBURG,MS,UNITED STATES,4,213006
UNIVERSITY OF TENNESSEE KNOXVILLE,KNOXVILLE,TN,UNITED STATES,37,4555615
UNIVERSITY OF TEXAS ARLINGTON,ARLINGTON,TX,UNITED STATES,1,110250
UNIVERSITY OF TEXAS AUSTIN,AUSTIN,TX,UNITED STATES,130,18575682
UNIVERSITY OF TEXAS DALLAS,RICHARDSON,TX,UNITED STATES,12,1631845
UNIVERSITY OF TEXAS EL PASO,EL PASO,TX,UNITED STATES,6,1977979
UNIVERSITY OF TEXAS HLTH CTR AT TYLER,TYLER,TX,UNITED STATES,12,1278100
UNIVERSITY OF TEXAS HLTH SCI CTR HOUSTON,HOUSTON,TX,UNITED STATES,204,38018320
UNIVERSITY OF TEXAS HLTH SCI CTR SAN ANT,SAN ANTONIO,TX,UNITED STATES,202,44652380
UNIVERSITY OF TEXAS MD ANDERSON CAN CTR,HOUSTON,TX,UNITED STATES,204,43654219
UNIVERSITY OF TEXAS MEDICAL BR GALVESTON,GALVESTON,TX,UNITED STATES,167,29480575
UNIVERSITY OF TEXAS SAN ANTONIO,SAN ANTONIO,TX,UNITED STATES,6,1402679
UNIVERSITY OF TEXAS SW MED CTR/DALLAS,DALLAS,TX,UNITED STATES,278,65025509
UNIVERSITY OF TEXAS-PAN AMERICAN,EDINBURG,TX,UNITED STATES,2,811949
UNIVERSITY OF THE INCARNATE WORD,SAN ANTONIO,TX,UNITED STATES,1,90316
UNIVERSITY OF THE PACIFIC-SAN FRANCISCO,SAN FRANCISCO,CA,UNITED STATES,3,473191
UNIVERSITY OF THE SCIENCES PHILADELPHIA,PHILADELPHIA,PA,UNITED STATES,1,85903
UNIVERSITY OF TULSA,TULSA,OK,UNITED STATES,2,239103
UNIVERSITY OF UTAH,SALT LAKE CITY,UT,UNITED STATES,289,51152427
UNIVERSITY OF VERMONT & ST AGRIC COLLEGE,BURLINGTON,VT,UNITED STATES,133,27262663
UNIVERSITY OF VIRGINIA CHARLOTTESVILLE,CHARLOTTESVILLE,VA,UNITED STATES,278,52069557
UNIVERSITY OF WASHINGTON,SEATTLE,WA,UNITED STATES,695,173625116
UNIVERSITY OF WEST FLORIDA,PENSACOLA,FL,UNITED STATES,1,242381
UNIVERSITY OF WISCONSIN MADISON,MADISON,WI,UNITED STATES,531,112223906
UNIVERSITY OF WISCONSIN MILWAUKEE,MILWAUKEE,WI,UNITED STATES,25,2658219
UNIVERSITY OF WYOMING,LARAMIE,WY,UNITED STATES,12,1253278
UPSTART ROBOTS,SAN FRANCISCO,CA,UNITED STATES,1,50000
UPSTATE MEDICAL UNIVERSITY,SYRACUSE,NY,UNITED STATES,37,7365348
"UROCOR, INC.",OKLAHOMA CITY,OK,UNITED STATES,3,149933
"USER TECHNOLOGY ASSOCIATES, INC.",ARLINGTON,VA,UNITED STATES,2,0
UTAH STATE DEPARTMENT OF HEALTH,SALT LAKE CITY,UT,UNITED STATES,1,32472
UTAH STATE UNIVERSITY,LOGAN,UT,UNITED STATES,21,2896730
VANDERBILT UNIVERSITY,NASHVILLE,TN,UNITED STATES,324,77153239
VERMONT STATE DEPT OF HEALTH,BURLINGTON,VT,UNITED STATES,1,23533
VETERANS MEDICAL RESEARCH FDN/SAN DIEGO,SAN DIEGO,CA,UNITED STATES,2,316699
"VICTIM SERVICES, INC.",NEW YORK,NY,UNITED STATES,1,176304
VILLANOVA UNIVERSITY,VILLANOVA,PA,UNITED STATES,3,286745
VIRGINIA COMMONWEALTH UNIVERSITY,RICHMOND,VA,UNITED STATES,197,41390483
VIRGINIA POLYTECHNIC INST AND ST UNIV,BLACKSBURG,VA,UNITED STATES,23,2891788
VIRGINIA STATE DEPT OF HEALTH,RICHMOND,VA,UNITED STATES,3,900621
VIRGINIA STATE UNIVERSITY,PETERSBURG,VA,UNITED STATES,1,218441
VIRGINIA UNION UNIVERSITY,RICHMOND,VA,UNITED STATES,1,160195
"VIRION SYSTEMS, INC.",ROCKVILLE,MD,UNITED STATES,1,50000
VIRO DYNAMICS,NEW YORK,NY,UNITED STATES,2,194251
VIROGENETICS CORPORATION,TROY,NY,UNITED STATES,2,168615
"VIROMED LABORATORIES, INC.",MINNEAPOLIS,MN,UNITED STATES,1,50000
VIRTUAL CORPORATION,PORTLAND,OR,UNITED STATES,1,49000
VIRUS RESEARCH INSTITUTE,CAMBRIDGE,MA,UNITED STATES,2,99955
VIXEL CORPORATION,BROOMFIELD,CO,UNITED STATES,1,49999
WADSWORTH CENTER,ALBANY,NY,UNITED STATES,38,5347460
WAIANAE COAST COMPREHENSIVE HEALTH CTR,WAIANAE,HI,UNITED STATES,1,285801
WAKE FOREST UNIVERSITY,WINSTON-SALEM,NC,UNITED STATES,181,42685972
"WAMAX, INC.",BELLEVUE,WA,UNITED STATES,1,46261
"WANG NMR, INC.",LIVERMORE,CA,UNITED STATES,1,49950
WASHINGTON STATE DEPART SOC/HLTH SRVS,OLYMPIA,WA,UNITED STATES,1,906170
WASHINGTON STATE DEPARTMENT OF HEALTH,OLYMPIA,WA,UNITED STATES,3,1062008
WASHINGTON STATE UNIVERSITY,PULLMAN,WA,UNITED STATES,74,8734331
WASHINGTON UNIVERSITY,ST. LOUIS,MO,UNITED STATES,524,132966722
WAYNE STATE UNIVERSITY,DETROIT,MI,UNITED STATES,208,36290612
WEILL MEDICAL COLLEGE OF CORNELL UNIV,NEW YORK,NY,UNITED STATES,196,59475751
WEIS CENTER FOR RESEARCH-GEISINGER CLINC,DANVILLE,PA,UNITED STATES,18,2836872
WELLESLEY COLLEGE,WELLESLEY,MA,UNITED STATES,5,735002
WESLEYAN UNIVERSITY,MIDDLETOWN,CT,UNITED STATES,12,1372160
WEST CHESTER UNIVERSITY OF PENNSYLVANIA,WEST CHESTER,PA,UNITED STATES,1,103372
WEST VIRGINIA STATE DEPT HLTH/HUMAN RSCS,CHARLESTON,WV,UNITED STATES,4,806909
WEST VIRGINIA UNIVERSITY,MORGANTOWN,WV,UNITED STATES,46,7678443
"WESTAT, INC.",ROCKVILLE,MD,UNITED STATES,85,40045476
WESTED,SAN FRANCISCO,CA,UNITED STATES,1,155580
WESTERN CONSORTIUM FOR PUBLIC HEALTH,BERKELEY,CA,UNITED STATES,15,4249256
WESTERN KENTUCKY UNIVERSITY,BOWLING GREEN,KY,UNITED STATES,3,571563
WESTERN MICHIGAN UNIVERSITY,KALAMAZOO,MI,UNITED STATES,4,520298
WESTERN PENNSYLVANIA HOSPITAL,PITTSBURGH,PA,UNITED STATES,1,296874
"WESTERN RESEARCH COMPANY, INC.",TUCSON,AZ,UNITED STATES,9,1038535
WESTERN UNIVERSITY OF HEALTH SCIENCES,POMONA,CA,UNITED STATES,1,66905
WESTERN WASHINGTON UNIVERSITY,BELLINGHAM,WA,UNITED STATES,2,181203
WEYERHAEUSER COMPANY,FEDERAL WAY,WA,UNITED STATES,1,10750
WGBH EDUCATIONAL FOUNDATION,BOSTON,MA,UNITED STATES,1,202410
"WHALEN BIOMEDICAL, INC",CAMBRIDGE,MA,UNITED STATES,4,849454
WHITEHEAD INSTITUTE FOR BIOMEDICAL RES,CAMBRIDGE,MA,UNITED STATES,31,15966697
WHITTIER INSTITUTE FOR DIABETES & ENDOC,SAN DIEGO,CA,UNITED STATES,11,2727584
WICHITA STATE UNIVERSITY,WICHITA,KS,UNITED STATES,6,570778
WILLIAM BEAUMONT HOSPITAL,ROYAL OAK,MI,UNITED STATES,9,739569
WILLIAM PATERSON UNIVERSITY,WAYNE,NJ,UNITED STATES,1,75600
WILLIAMS COLLEGE,WILLIAMSTOWN,MA,UNITED STATES,4,322015
WILLS EYE HOSPITAL (PHILADELPHIA),PHILADELPHIA,PA,UNITED STATES,3,216308
WINCHESTER DIGITAL SYSTEMS,CAMBRIDGE,MA,UNITED STATES,1,272296
WINIFRED MASTERSON BURKE MED RES INST,WHITE PLAINS,NY,UNITED STATES,6,1408245
WINIFRED MASTERSON BURKE REHAB HOSPITAL,WHITE PLAINS,NY,UNITED STATES,3,714653
WINSTON-SALEM STATE UNIVERSITY,WINSTON-SALEM,NC,UNITED STATES,5,819119
WISCONSIN STATE DEPT OF HLTH/FAMILY SVC,MADISON,WI,UNITED STATES,4,1277117
WISTAR INSTITUTE,PHILADELPHIA,PA,UNITED STATES,50,14205766
"WOLPERT POLYMERS, INC.",FRANKLIN,MI,UNITED STATES,1,50000
WOMEN AND INFANTS HOSPITAL-RHODE ISLAND,PROVIDENCE,RI,UNITED STATES,5,1763399
WOODS HOLE OCEANOGRAPHIC INSTITUTION,WOODS HOLE,MA,UNITED STATES,1,119536
WORCESTER FOUNDATION FOR BIOMEDICAL RES,SHREWSBURY,MA,UNITED STATES,36,8547828
WORCESTER POLYTECHNIC INSTITUTE,WORCESTER,MA,UNITED STATES,1,99024
"XENOMETRIX, INC.",BOULDER,CO,UNITED STATES,1,147150
"X-RAY OPTICAL SYSTEMS, INC.",ALBANY,NY,UNITED STATES,1,50000
XRE CORPORATION,LITTLETON,MA,UNITED STATES,2,332000
YALE UNIVERSITY,NEW HAVEN,CT,UNITED STATES,659,154761727
YORK COLLEGE,NEW YORK,NY,UNITED STATES,3,962257
"ZYMEQUEST, INC.",NATICK,MA,UNITED STATES,1,49680
